Estado 333 conflitos: 1 de deslocamento/redução


Gramática

    0 $accept: translation_unit $end

    1 primary_expression: IDENTIFIER
    2                   | CONSTANT
    3                   | STRING_LITERAL
    4                   | '(' expression ')'

    5 postfix_expression: primary_expression
    6                   | postfix_expression '[' expression ']'
    7                   | postfix_expression '(' ')'
    8                   | postfix_expression '(' argument_expression_list ')'
    9                   | postfix_expression '.' IDENTIFIER
   10                   | postfix_expression PTR_OP IDENTIFIER
   11                   | postfix_expression INC_OP
   12                   | postfix_expression DEC_OP

   13 argument_expression_list: assignment_expression
   14                         | argument_expression_list ',' assignment_expression

   15 unary_expression: postfix_expression
   16                 | INC_OP unary_expression
   17                 | DEC_OP unary_expression
   18                 | unary_operator cast_expression
   19                 | SIZEOF unary_expression
   20                 | SIZEOF '(' type_name ')'

   21 unary_operator: '&'
   22               | '*'
   23               | '+'
   24               | '-'
   25               | '~'
   26               | '!'

   27 cast_expression: unary_expression
   28                | '(' type_name ')' cast_expression

   29 multiplicative_expression: cast_expression
   30                          | multiplicative_expression '*' cast_expression
   31                          | multiplicative_expression '/' cast_expression
   32                          | multiplicative_expression '%' cast_expression

   33 additive_expression: multiplicative_expression
   34                    | additive_expression '+' multiplicative_expression
   35                    | additive_expression '-' multiplicative_expression

   36 shift_expression: additive_expression
   37                 | shift_expression LEFT_OP additive_expression
   38                 | shift_expression RIGHT_OP additive_expression

   39 relational_expression: shift_expression
   40                      | relational_expression '<' shift_expression
   41                      | relational_expression '>' shift_expression
   42                      | relational_expression LE_OP shift_expression
   43                      | relational_expression GE_OP shift_expression

   44 equality_expression: relational_expression
   45                    | equality_expression EQ_OP relational_expression
   46                    | equality_expression NE_OP relational_expression

   47 and_expression: equality_expression
   48               | and_expression '&' equality_expression

   49 exclusive_or_expression: and_expression
   50                        | exclusive_or_expression '^' and_expression

   51 inclusive_or_expression: exclusive_or_expression
   52                        | inclusive_or_expression '|' exclusive_or_expression

   53 logical_and_expression: inclusive_or_expression
   54                       | logical_and_expression AND_OP inclusive_or_expression

   55 logical_or_expression: logical_and_expression
   56                      | logical_or_expression OR_OP logical_and_expression

   57 conditional_expression: logical_or_expression
   58                       | logical_or_expression '?' expression ':' conditional_expression

   59 assignment_expression: conditional_expression
   60                      | unary_expression assignment_operator assignment_expression

   61 assignment_operator: '='
   62                    | MUL_ASSIGN
   63                    | DIV_ASSIGN
   64                    | MOD_ASSIGN
   65                    | ADD_ASSIGN
   66                    | SUB_ASSIGN
   67                    | LEFT_ASSIGN
   68                    | RIGHT_ASSIGN
   69                    | AND_ASSIGN
   70                    | XOR_ASSIGN
   71                    | OR_ASSIGN

   72 expression: assignment_expression
   73           | expression ',' assignment_expression

   74 constant_expression: conditional_expression

   75 declaration: declaration_specifiers ';'
   76            | declaration_specifiers init_declarator_list ';'

   77 declaration_specifiers: storage_class_specifier
   78                       | storage_class_specifier declaration_specifiers
   79                       | type_specifier
   80                       | type_specifier declaration_specifiers
   81                       | type_qualifier
   82                       | type_qualifier declaration_specifiers

   83 init_declarator_list: init_declarator
   84                     | init_declarator_list ',' init_declarator

   85 init_declarator: declarator
   86                | declarator '=' initializer

   87 storage_class_specifier: TYPEDEF
   88                        | EXTERN
   89                        | STATIC
   90                        | AUTO
   91                        | REGISTER

   92 type_specifier: VOID
   93               | CHAR
   94               | SHORT
   95               | INT
   96               | LONG
   97               | FLOAT
   98               | DOUBLE
   99               | SIGNED
  100               | UNSIGNED
  101               | struct_or_union_specifier
  102               | enum_specifier
  103               | TYPE_NAME

  104 struct_or_union_specifier: struct_or_union IDENTIFIER '{' struct_declaration_list '}'
  105                          | struct_or_union '{' struct_declaration_list '}'
  106                          | struct_or_union IDENTIFIER

  107 struct_or_union: STRUCT
  108                | UNION

  109 struct_declaration_list: struct_declaration
  110                        | struct_declaration_list struct_declaration

  111 struct_declaration: specifier_qualifier_list struct_declarator_list ';'

  112 specifier_qualifier_list: type_specifier specifier_qualifier_list
  113                         | type_specifier
  114                         | type_qualifier specifier_qualifier_list
  115                         | type_qualifier

  116 struct_declarator_list: struct_declarator
  117                       | struct_declarator_list ',' struct_declarator

  118 struct_declarator: declarator
  119                  | ':' constant_expression
  120                  | declarator ':' constant_expression

  121 enum_specifier: ENUM '{' enumerator_list '}'
  122               | ENUM IDENTIFIER '{' enumerator_list '}'
  123               | ENUM IDENTIFIER

  124 enumerator_list: enumerator
  125                | enumerator_list ',' enumerator

  126 enumerator: IDENTIFIER
  127           | IDENTIFIER '=' constant_expression

  128 type_qualifier: CONST
  129               | VOLATILE

  130 declarator: pointer direct_declarator
  131           | direct_declarator

  132 direct_declarator: IDENTIFIER
  133                  | '(' declarator ')'
  134                  | direct_declarator '[' constant_expression ']'
  135                  | direct_declarator '[' ']'
  136                  | direct_declarator '(' parameter_type_list ')'
  137                  | direct_declarator '(' identifier_list ')'
  138                  | direct_declarator '(' ')'

  139 pointer: '*'
  140        | '*' type_qualifier_list
  141        | '*' pointer
  142        | '*' type_qualifier_list pointer

  143 type_qualifier_list: type_qualifier
  144                    | type_qualifier_list type_qualifier

  145 parameter_type_list: parameter_list
  146                    | parameter_list ',' ELLIPSIS

  147 parameter_list: parameter_declaration
  148               | parameter_list ',' parameter_declaration

  149 parameter_declaration: declaration_specifiers declarator
  150                      | declaration_specifiers abstract_declarator
  151                      | declaration_specifiers

  152 identifier_list: IDENTIFIER
  153                | identifier_list ',' IDENTIFIER

  154 type_name: specifier_qualifier_list
  155          | specifier_qualifier_list abstract_declarator

  156 abstract_declarator: pointer
  157                    | direct_abstract_declarator
  158                    | pointer direct_abstract_declarator

  159 direct_abstract_declarator: '(' abstract_declarator ')'
  160                           | '[' ']'
  161                           | '[' constant_expression ']'
  162                           | direct_abstract_declarator '[' ']'
  163                           | direct_abstract_declarator '[' constant_expression ']'
  164                           | '(' ')'
  165                           | '(' parameter_type_list ')'
  166                           | direct_abstract_declarator '(' ')'
  167                           | direct_abstract_declarator '(' parameter_type_list ')'

  168 initializer: assignment_expression
  169            | '{' initializer_list '}'
  170            | '{' initializer_list ',' '}'

  171 initializer_list: initializer
  172                 | initializer_list ',' initializer

  173 statement: labeled_statement
  174          | compound_statement
  175          | expression_statement
  176          | selection_statement
  177          | iteration_statement
  178          | jump_statement

  179 labeled_statement: IDENTIFIER ':' statement
  180                  | CASE constant_expression ':' statement
  181                  | DEFAULT ':' statement

  182 compound_statement: '{' '}'
  183                   | '{' statement_list '}'
  184                   | '{' declaration_list '}'
  185                   | '{' declaration_list statement_list '}'

  186 declaration_list: declaration
  187                 | declaration_list declaration

  188 statement_list: statement
  189               | statement_list statement

  190 expression_statement: ';'
  191                     | expression ';'

  192 selection_statement: IF '(' expression ')' statement
  193                    | IF '(' expression ')' statement ELSE statement
  194                    | SWITCH '(' expression ')' statement

  195 iteration_statement: WHILE '(' expression ')' statement
  196                    | DO statement WHILE '(' expression ')' ';'
  197                    | FOR '(' expression_statement expression_statement ')' statement
  198                    | FOR '(' expression_statement expression_statement expression ')' statement

  199 jump_statement: GOTO IDENTIFIER ';'
  200               | CONTINUE ';'
  201               | BREAK ';'
  202               | RETURN ';'
  203               | RETURN expression ';'

  204 translation_unit: external_declaration
  205                 | translation_unit external_declaration

  206 external_declaration: function_definition
  207                     | declaration

  208 function_definition: declaration_specifiers declarator declaration_list compound_statement
  209                    | declaration_specifiers declarator compound_statement
  210                    | declarator declaration_list compound_statement
  211                    | declarator compound_statement


Terminais, com as regras onde eles aparecem

    $end (0) 0
    '!' (33) 26
    '%' (37) 32
    '&' (38) 21 48
    '(' (40) 4 7 8 20 28 133 136 137 138 159 164 165 166 167 192 193 194 195 196 197 198
    ')' (41) 4 7 8 20 28 133 136 137 138 159 164 165 166 167 192 193 194 195 196 197 198
    '*' (42) 22 30 139 140 141 142
    '+' (43) 23 34
    ',' (44) 14 73 84 117 125 146 148 153 170 172
    '-' (45) 24 35
    '.' (46) 9
    '/' (47) 31
    ':' (58) 58 119 120 179 180 181
    ';' (59) 75 76 111 190 191 196 199 200 201 202 203
    '<' (60) 40
    '=' (61) 61 86 127
    '>' (62) 41
    '?' (63) 58
    '[' (91) 6 134 135 160 161 162 163
    ']' (93) 6 134 135 160 161 162 163
    '^' (94) 50
    '{' (123) 104 105 121 122 169 170 182 183 184 185
    '|' (124) 52
    '}' (125) 104 105 121 122 169 170 182 183 184 185
    '~' (126) 25
    error (256)
    IDENTIFIER (258) 1 9 10 104 106 122 123 126 127 132 152 153 179 199
    CONSTANT (259) 2
    STRING_LITERAL (260) 3
    SIZEOF (261) 19 20
    PTR_OP (262) 10
    INC_OP (263) 11 16
    DEC_OP (264) 12 17
    LEFT_OP (265) 37
    RIGHT_OP (266) 38
    LE_OP (267) 42
    GE_OP (268) 43
    EQ_OP (269) 45
    NE_OP (270) 46
    AND_OP (271) 54
    OR_OP (272) 56
    MUL_ASSIGN (273) 62
    DIV_ASSIGN (274) 63
    MOD_ASSIGN (275) 64
    ADD_ASSIGN (276) 65
    SUB_ASSIGN (277) 66
    LEFT_ASSIGN (278) 67
    RIGHT_ASSIGN (279) 68
    AND_ASSIGN (280) 69
    XOR_ASSIGN (281) 70
    OR_ASSIGN (282) 71
    TYPE_NAME (283) 103
    TYPEDEF (284) 87
    EXTERN (285) 88
    STATIC (286) 89
    AUTO (287) 90
    REGISTER (288) 91
    CHAR (289) 93
    SHORT (290) 94
    INT (291) 95
    LONG (292) 96
    SIGNED (293) 99
    UNSIGNED (294) 100
    FLOAT (295) 97
    DOUBLE (296) 98
    CONST (297) 128
    VOLATILE (298) 129
    VOID (299) 92
    STRUCT (300) 107
    UNION (301) 108
    ENUM (302) 121 122 123
    ELLIPSIS (303) 146
    CASE (304) 180
    DEFAULT (305) 181
    IF (306) 192 193
    ELSE (307) 193
    SWITCH (308) 194
    WHILE (309) 195 196
    DO (310) 196
    FOR (311) 197 198
    GOTO (312) 199
    CONTINUE (313) 200
    BREAK (314) 201
    RETURN (315) 202 203


Não terminais com as regras onde eles aparecem

    $accept (85)
        à esquerda: 0
    primary_expression (86)
        à esquerda: 1 2 3 4
        à direita: 5
    postfix_expression (87)
        à esquerda: 5 6 7 8 9 10 11 12
        à direita: 6 7 8 9 10 11 12 15
    argument_expression_list (88)
        à esquerda: 13 14
        à direita: 8 14
    unary_expression (89)
        à esquerda: 15 16 17 18 19 20
        à direita: 16 17 19 27 60
    unary_operator (90)
        à esquerda: 21 22 23 24 25 26
        à direita: 18
    cast_expression (91)
        à esquerda: 27 28
        à direita: 18 28 29 30 31 32
    multiplicative_expression (92)
        à esquerda: 29 30 31 32
        à direita: 30 31 32 33 34 35
    additive_expression (93)
        à esquerda: 33 34 35
        à direita: 34 35 36 37 38
    shift_expression (94)
        à esquerda: 36 37 38
        à direita: 37 38 39 40 41 42 43
    relational_expression (95)
        à esquerda: 39 40 41 42 43
        à direita: 40 41 42 43 44 45 46
    equality_expression (96)
        à esquerda: 44 45 46
        à direita: 45 46 47 48
    and_expression (97)
        à esquerda: 47 48
        à direita: 48 49 50
    exclusive_or_expression (98)
        à esquerda: 49 50
        à direita: 50 51 52
    inclusive_or_expression (99)
        à esquerda: 51 52
        à direita: 52 53 54
    logical_and_expression (100)
        à esquerda: 53 54
        à direita: 54 55 56
    logical_or_expression (101)
        à esquerda: 55 56
        à direita: 56 57 58
    conditional_expression (102)
        à esquerda: 57 58
        à direita: 58 59 74
    assignment_expression (103)
        à esquerda: 59 60
        à direita: 13 14 60 72 73 168
    assignment_operator (104)
        à esquerda: 61 62 63 64 65 66 67 68 69 70 71
        à direita: 60
    expression (105)
        à esquerda: 72 73
        à direita: 4 6 58 73 191 192 193 194 195 196 198 203
    constant_expression (106)
        à esquerda: 74
        à direita: 119 120 127 134 161 163 180
    declaration (107)
        à esquerda: 75 76
        à direita: 186 187 207
    declaration_specifiers (108)
        à esquerda: 77 78 79 80 81 82
        à direita: 75 76 78 80 82 149 150 151 208 209
    init_declarator_list (109)
        à esquerda: 83 84
        à direita: 76 84
    init_declarator (110)
        à esquerda: 85 86
        à direita: 83 84
    storage_class_specifier (111)
        à esquerda: 87 88 89 90 91
        à direita: 77 78
    type_specifier (112)
        à esquerda: 92 93 94 95 96 97 98 99 100 101 102 103
        à direita: 79 80 112 113
    struct_or_union_specifier (113)
        à esquerda: 104 105 106
        à direita: 101
    struct_or_union (114)
        à esquerda: 107 108
        à direita: 104 105 106
    struct_declaration_list (115)
        à esquerda: 109 110
        à direita: 104 105 110
    struct_declaration (116)
        à esquerda: 111
        à direita: 109 110
    specifier_qualifier_list (117)
        à esquerda: 112 113 114 115
        à direita: 111 112 114 154 155
    struct_declarator_list (118)
        à esquerda: 116 117
        à direita: 111 117
    struct_declarator (119)
        à esquerda: 118 119 120
        à direita: 116 117
    enum_specifier (120)
        à esquerda: 121 122 123
        à direita: 102
    enumerator_list (121)
        à esquerda: 124 125
        à direita: 121 122 125
    enumerator (122)
        à esquerda: 126 127
        à direita: 124 125
    type_qualifier (123)
        à esquerda: 128 129
        à direita: 81 82 114 115 143 144
    declarator (124)
        à esquerda: 130 131
        à direita: 85 86 118 120 133 149 208 209 210 211
    direct_declarator (125)
        à esquerda: 132 133 134 135 136 137 138
        à direita: 130 131 134 135 136 137 138
    pointer (126)
        à esquerda: 139 140 141 142
        à direita: 130 141 142 156 158
    type_qualifier_list (127)
        à esquerda: 143 144
        à direita: 140 142 144
    parameter_type_list (128)
        à esquerda: 145 146
        à direita: 136 165 167
    parameter_list (129)
        à esquerda: 147 148
        à direita: 145 146 148
    parameter_declaration (130)
        à esquerda: 149 150 151
        à direita: 147 148
    identifier_list (131)
        à esquerda: 152 153
        à direita: 137 153
    type_name (132)
        à esquerda: 154 155
        à direita: 20 28
    abstract_declarator (133)
        à esquerda: 156 157 158
        à direita: 150 155 159
    direct_abstract_declarator (134)
        à esquerda: 159 160 161 162 163 164 165 166 167
        à direita: 157 158 162 163 166 167
    initializer (135)
        à esquerda: 168 169 170
        à direita: 86 171 172
    initializer_list (136)
        à esquerda: 171 172
        à direita: 169 170 172
    statement (137)
        à esquerda: 173 174 175 176 177 178
        à direita: 179 180 181 188 189 192 193 194 195 196 197 198
    labeled_statement (138)
        à esquerda: 179 180 181
        à direita: 173
    compound_statement (139)
        à esquerda: 182 183 184 185
        à direita: 174 208 209 210 211
    declaration_list (140)
        à esquerda: 186 187
        à direita: 184 185 187 208 210
    statement_list (141)
        à esquerda: 188 189
        à direita: 183 185 189
    expression_statement (142)
        à esquerda: 190 191
        à direita: 175 197 198
    selection_statement (143)
        à esquerda: 192 193 194
        à direita: 176
    iteration_statement (144)
        à esquerda: 195 196 197 198
        à direita: 177
    jump_statement (145)
        à esquerda: 199 200 201 202 203
        à direita: 178
    translation_unit (146)
        à esquerda: 204 205
        à direita: 0 205
    external_declaration (147)
        à esquerda: 206 207
        à direita: 204 205
    function_definition (148)
        à esquerda: 208 209 210 211
        à direita: 206


Estado 0

    0 $accept: • translation_unit $end

    IDENTIFIER  deslocar, e ir ao estado 1
    TYPE_NAME   deslocar, e ir ao estado 2
    TYPEDEF     deslocar, e ir ao estado 3
    EXTERN      deslocar, e ir ao estado 4
    STATIC      deslocar, e ir ao estado 5
    AUTO        deslocar, e ir ao estado 6
    REGISTER    deslocar, e ir ao estado 7
    CHAR        deslocar, e ir ao estado 8
    SHORT       deslocar, e ir ao estado 9
    INT         deslocar, e ir ao estado 10
    LONG        deslocar, e ir ao estado 11
    SIGNED      deslocar, e ir ao estado 12
    UNSIGNED    deslocar, e ir ao estado 13
    FLOAT       deslocar, e ir ao estado 14
    DOUBLE      deslocar, e ir ao estado 15
    CONST       deslocar, e ir ao estado 16
    VOLATILE    deslocar, e ir ao estado 17
    VOID        deslocar, e ir ao estado 18
    STRUCT      deslocar, e ir ao estado 19
    UNION       deslocar, e ir ao estado 20
    ENUM        deslocar, e ir ao estado 21
    '('         deslocar, e ir ao estado 22
    '*'         deslocar, e ir ao estado 23

    declaration                ir ao estado 24
    declaration_specifiers     ir ao estado 25
    storage_class_specifier    ir ao estado 26
    type_specifier             ir ao estado 27
    struct_or_union_specifier  ir ao estado 28
    struct_or_union            ir ao estado 29
    enum_specifier             ir ao estado 30
    type_qualifier             ir ao estado 31
    declarator                 ir ao estado 32
    direct_declarator          ir ao estado 33
    pointer                    ir ao estado 34
    translation_unit           ir ao estado 35
    external_declaration       ir ao estado 36
    function_definition        ir ao estado 37


Estado 1

  132 direct_declarator: IDENTIFIER •

    $padrão  reduzir usando a regra 132 (direct_declarator)


Estado 2

  103 type_specifier: TYPE_NAME •

    $padrão  reduzir usando a regra 103 (type_specifier)


Estado 3

   87 storage_class_specifier: TYPEDEF •

    $padrão  reduzir usando a regra 87 (storage_class_specifier)


Estado 4

   88 storage_class_specifier: EXTERN •

    $padrão  reduzir usando a regra 88 (storage_class_specifier)


Estado 5

   89 storage_class_specifier: STATIC •

    $padrão  reduzir usando a regra 89 (storage_class_specifier)


Estado 6

   90 storage_class_specifier: AUTO •

    $padrão  reduzir usando a regra 90 (storage_class_specifier)


Estado 7

   91 storage_class_specifier: REGISTER •

    $padrão  reduzir usando a regra 91 (storage_class_specifier)


Estado 8

   93 type_specifier: CHAR •

    $padrão  reduzir usando a regra 93 (type_specifier)


Estado 9

   94 type_specifier: SHORT •

    $padrão  reduzir usando a regra 94 (type_specifier)


Estado 10

   95 type_specifier: INT •

    $padrão  reduzir usando a regra 95 (type_specifier)


Estado 11

   96 type_specifier: LONG •

    $padrão  reduzir usando a regra 96 (type_specifier)


Estado 12

   99 type_specifier: SIGNED •

    $padrão  reduzir usando a regra 99 (type_specifier)


Estado 13

  100 type_specifier: UNSIGNED •

    $padrão  reduzir usando a regra 100 (type_specifier)


Estado 14

   97 type_specifier: FLOAT •

    $padrão  reduzir usando a regra 97 (type_specifier)


Estado 15

   98 type_specifier: DOUBLE •

    $padrão  reduzir usando a regra 98 (type_specifier)


Estado 16

  128 type_qualifier: CONST •

    $padrão  reduzir usando a regra 128 (type_qualifier)


Estado 17

  129 type_qualifier: VOLATILE •

    $padrão  reduzir usando a regra 129 (type_qualifier)


Estado 18

   92 type_specifier: VOID •

    $padrão  reduzir usando a regra 92 (type_specifier)


Estado 19

  107 struct_or_union: STRUCT •

    $padrão  reduzir usando a regra 107 (struct_or_union)


Estado 20

  108 struct_or_union: UNION •

    $padrão  reduzir usando a regra 108 (struct_or_union)


Estado 21

  121 enum_specifier: ENUM • '{' enumerator_list '}'
  122               | ENUM • IDENTIFIER '{' enumerator_list '}'
  123               | ENUM • IDENTIFIER

    IDENTIFIER  deslocar, e ir ao estado 38
    '{'         deslocar, e ir ao estado 39


Estado 22

  133 direct_declarator: '(' • declarator ')'

    IDENTIFIER  deslocar, e ir ao estado 1
    '('         deslocar, e ir ao estado 22
    '*'         deslocar, e ir ao estado 23

    declarator         ir ao estado 40
    direct_declarator  ir ao estado 33
    pointer            ir ao estado 34


Estado 23

  139 pointer: '*' •
  140        | '*' • type_qualifier_list
  141        | '*' • pointer
  142        | '*' • type_qualifier_list pointer

    CONST     deslocar, e ir ao estado 16
    VOLATILE  deslocar, e ir ao estado 17
    '*'       deslocar, e ir ao estado 23

    $padrão  reduzir usando a regra 139 (pointer)

    type_qualifier       ir ao estado 41
    pointer              ir ao estado 42
    type_qualifier_list  ir ao estado 43


Estado 24

  207 external_declaration: declaration •

    $padrão  reduzir usando a regra 207 (external_declaration)


Estado 25

   75 declaration: declaration_specifiers • ';'
   76            | declaration_specifiers • init_declarator_list ';'
  208 function_definition: declaration_specifiers • declarator declaration_list compound_statement
  209                    | declaration_specifiers • declarator compound_statement

    IDENTIFIER  deslocar, e ir ao estado 1
    '('         deslocar, e ir ao estado 22
    '*'         deslocar, e ir ao estado 23
    ';'         deslocar, e ir ao estado 44

    init_declarator_list  ir ao estado 45
    init_declarator       ir ao estado 46
    declarator            ir ao estado 47
    direct_declarator     ir ao estado 33
    pointer               ir ao estado 34


Estado 26

   77 declaration_specifiers: storage_class_specifier •
   78                       | storage_class_specifier • declaration_specifiers

    TYPE_NAME  deslocar, e ir ao estado 2
    TYPEDEF    deslocar, e ir ao estado 3
    EXTERN     deslocar, e ir ao estado 4
    STATIC     deslocar, e ir ao estado 5
    AUTO       deslocar, e ir ao estado 6
    REGISTER   deslocar, e ir ao estado 7
    CHAR       deslocar, e ir ao estado 8
    SHORT      deslocar, e ir ao estado 9
    INT        deslocar, e ir ao estado 10
    LONG       deslocar, e ir ao estado 11
    SIGNED     deslocar, e ir ao estado 12
    UNSIGNED   deslocar, e ir ao estado 13
    FLOAT      deslocar, e ir ao estado 14
    DOUBLE     deslocar, e ir ao estado 15
    CONST      deslocar, e ir ao estado 16
    VOLATILE   deslocar, e ir ao estado 17
    VOID       deslocar, e ir ao estado 18
    STRUCT     deslocar, e ir ao estado 19
    UNION      deslocar, e ir ao estado 20
    ENUM       deslocar, e ir ao estado 21

    $padrão  reduzir usando a regra 77 (declaration_specifiers)

    declaration_specifiers     ir ao estado 48
    storage_class_specifier    ir ao estado 26
    type_specifier             ir ao estado 27
    struct_or_union_specifier  ir ao estado 28
    struct_or_union            ir ao estado 29
    enum_specifier             ir ao estado 30
    type_qualifier             ir ao estado 31


Estado 27

   79 declaration_specifiers: type_specifier •
   80                       | type_specifier • declaration_specifiers

    TYPE_NAME  deslocar, e ir ao estado 2
    TYPEDEF    deslocar, e ir ao estado 3
    EXTERN     deslocar, e ir ao estado 4
    STATIC     deslocar, e ir ao estado 5
    AUTO       deslocar, e ir ao estado 6
    REGISTER   deslocar, e ir ao estado 7
    CHAR       deslocar, e ir ao estado 8
    SHORT      deslocar, e ir ao estado 9
    INT        deslocar, e ir ao estado 10
    LONG       deslocar, e ir ao estado 11
    SIGNED     deslocar, e ir ao estado 12
    UNSIGNED   deslocar, e ir ao estado 13
    FLOAT      deslocar, e ir ao estado 14
    DOUBLE     deslocar, e ir ao estado 15
    CONST      deslocar, e ir ao estado 16
    VOLATILE   deslocar, e ir ao estado 17
    VOID       deslocar, e ir ao estado 18
    STRUCT     deslocar, e ir ao estado 19
    UNION      deslocar, e ir ao estado 20
    ENUM       deslocar, e ir ao estado 21

    $padrão  reduzir usando a regra 79 (declaration_specifiers)

    declaration_specifiers     ir ao estado 49
    storage_class_specifier    ir ao estado 26
    type_specifier             ir ao estado 27
    struct_or_union_specifier  ir ao estado 28
    struct_or_union            ir ao estado 29
    enum_specifier             ir ao estado 30
    type_qualifier             ir ao estado 31


Estado 28

  101 type_specifier: struct_or_union_specifier •

    $padrão  reduzir usando a regra 101 (type_specifier)


Estado 29

  104 struct_or_union_specifier: struct_or_union • IDENTIFIER '{' struct_declaration_list '}'
  105                          | struct_or_union • '{' struct_declaration_list '}'
  106                          | struct_or_union • IDENTIFIER

    IDENTIFIER  deslocar, e ir ao estado 50
    '{'         deslocar, e ir ao estado 51


Estado 30

  102 type_specifier: enum_specifier •

    $padrão  reduzir usando a regra 102 (type_specifier)


Estado 31

   81 declaration_specifiers: type_qualifier •
   82                       | type_qualifier • declaration_specifiers

    TYPE_NAME  deslocar, e ir ao estado 2
    TYPEDEF    deslocar, e ir ao estado 3
    EXTERN     deslocar, e ir ao estado 4
    STATIC     deslocar, e ir ao estado 5
    AUTO       deslocar, e ir ao estado 6
    REGISTER   deslocar, e ir ao estado 7
    CHAR       deslocar, e ir ao estado 8
    SHORT      deslocar, e ir ao estado 9
    INT        deslocar, e ir ao estado 10
    LONG       deslocar, e ir ao estado 11
    SIGNED     deslocar, e ir ao estado 12
    UNSIGNED   deslocar, e ir ao estado 13
    FLOAT      deslocar, e ir ao estado 14
    DOUBLE     deslocar, e ir ao estado 15
    CONST      deslocar, e ir ao estado 16
    VOLATILE   deslocar, e ir ao estado 17
    VOID       deslocar, e ir ao estado 18
    STRUCT     deslocar, e ir ao estado 19
    UNION      deslocar, e ir ao estado 20
    ENUM       deslocar, e ir ao estado 21

    $padrão  reduzir usando a regra 81 (declaration_specifiers)

    declaration_specifiers     ir ao estado 52
    storage_class_specifier    ir ao estado 26
    type_specifier             ir ao estado 27
    struct_or_union_specifier  ir ao estado 28
    struct_or_union            ir ao estado 29
    enum_specifier             ir ao estado 30
    type_qualifier             ir ao estado 31


Estado 32

  210 function_definition: declarator • declaration_list compound_statement
  211                    | declarator • compound_statement

    TYPE_NAME  deslocar, e ir ao estado 2
    TYPEDEF    deslocar, e ir ao estado 3
    EXTERN     deslocar, e ir ao estado 4
    STATIC     deslocar, e ir ao estado 5
    AUTO       deslocar, e ir ao estado 6
    REGISTER   deslocar, e ir ao estado 7
    CHAR       deslocar, e ir ao estado 8
    SHORT      deslocar, e ir ao estado 9
    INT        deslocar, e ir ao estado 10
    LONG       deslocar, e ir ao estado 11
    SIGNED     deslocar, e ir ao estado 12
    UNSIGNED   deslocar, e ir ao estado 13
    FLOAT      deslocar, e ir ao estado 14
    DOUBLE     deslocar, e ir ao estado 15
    CONST      deslocar, e ir ao estado 16
    VOLATILE   deslocar, e ir ao estado 17
    VOID       deslocar, e ir ao estado 18
    STRUCT     deslocar, e ir ao estado 19
    UNION      deslocar, e ir ao estado 20
    ENUM       deslocar, e ir ao estado 21
    '{'        deslocar, e ir ao estado 53

    declaration                ir ao estado 54
    declaration_specifiers     ir ao estado 55
    storage_class_specifier    ir ao estado 26
    type_specifier             ir ao estado 27
    struct_or_union_specifier  ir ao estado 28
    struct_or_union            ir ao estado 29
    enum_specifier             ir ao estado 30
    type_qualifier             ir ao estado 31
    compound_statement         ir ao estado 56
    declaration_list           ir ao estado 57


Estado 33

  131 declarator: direct_declarator •
  134 direct_declarator: direct_declarator • '[' constant_expression ']'
  135                  | direct_declarator • '[' ']'
  136                  | direct_declarator • '(' parameter_type_list ')'
  137                  | direct_declarator • '(' identifier_list ')'
  138                  | direct_declarator • '(' ')'

    '('  deslocar, e ir ao estado 58
    '['  deslocar, e ir ao estado 59

    $padrão  reduzir usando a regra 131 (declarator)


Estado 34

  130 declarator: pointer • direct_declarator

    IDENTIFIER  deslocar, e ir ao estado 1
    '('         deslocar, e ir ao estado 22

    direct_declarator  ir ao estado 60


Estado 35

    0 $accept: translation_unit • $end
  205 translation_unit: translation_unit • external_declaration

    $end        deslocar, e ir ao estado 61
    IDENTIFIER  deslocar, e ir ao estado 1
    TYPE_NAME   deslocar, e ir ao estado 2
    TYPEDEF     deslocar, e ir ao estado 3
    EXTERN      deslocar, e ir ao estado 4
    STATIC      deslocar, e ir ao estado 5
    AUTO        deslocar, e ir ao estado 6
    REGISTER    deslocar, e ir ao estado 7
    CHAR        deslocar, e ir ao estado 8
    SHORT       deslocar, e ir ao estado 9
    INT         deslocar, e ir ao estado 10
    LONG        deslocar, e ir ao estado 11
    SIGNED      deslocar, e ir ao estado 12
    UNSIGNED    deslocar, e ir ao estado 13
    FLOAT       deslocar, e ir ao estado 14
    DOUBLE      deslocar, e ir ao estado 15
    CONST       deslocar, e ir ao estado 16
    VOLATILE    deslocar, e ir ao estado 17
    VOID        deslocar, e ir ao estado 18
    STRUCT      deslocar, e ir ao estado 19
    UNION       deslocar, e ir ao estado 20
    ENUM        deslocar, e ir ao estado 21
    '('         deslocar, e ir ao estado 22
    '*'         deslocar, e ir ao estado 23

    declaration                ir ao estado 24
    declaration_specifiers     ir ao estado 25
    storage_class_specifier    ir ao estado 26
    type_specifier             ir ao estado 27
    struct_or_union_specifier  ir ao estado 28
    struct_or_union            ir ao estado 29
    enum_specifier             ir ao estado 30
    type_qualifier             ir ao estado 31
    declarator                 ir ao estado 32
    direct_declarator          ir ao estado 33
    pointer                    ir ao estado 34
    external_declaration       ir ao estado 62
    function_definition        ir ao estado 37


Estado 36

  204 translation_unit: external_declaration •

    $padrão  reduzir usando a regra 204 (translation_unit)


Estado 37

  206 external_declaration: function_definition •

    $padrão  reduzir usando a regra 206 (external_declaration)


Estado 38

  122 enum_specifier: ENUM IDENTIFIER • '{' enumerator_list '}'
  123               | ENUM IDENTIFIER •

    '{'  deslocar, e ir ao estado 63

    $padrão  reduzir usando a regra 123 (enum_specifier)


Estado 39

  121 enum_specifier: ENUM '{' • enumerator_list '}'

    IDENTIFIER  deslocar, e ir ao estado 64

    enumerator_list  ir ao estado 65
    enumerator       ir ao estado 66


Estado 40

  133 direct_declarator: '(' declarator • ')'

    ')'  deslocar, e ir ao estado 67


Estado 41

  143 type_qualifier_list: type_qualifier •

    $padrão  reduzir usando a regra 143 (type_qualifier_list)


Estado 42

  141 pointer: '*' pointer •

    $padrão  reduzir usando a regra 141 (pointer)


Estado 43

  140 pointer: '*' type_qualifier_list •
  142        | '*' type_qualifier_list • pointer
  144 type_qualifier_list: type_qualifier_list • type_qualifier

    CONST     deslocar, e ir ao estado 16
    VOLATILE  deslocar, e ir ao estado 17
    '*'       deslocar, e ir ao estado 23

    $padrão  reduzir usando a regra 140 (pointer)

    type_qualifier  ir ao estado 68
    pointer         ir ao estado 69


Estado 44

   75 declaration: declaration_specifiers ';' •

    $padrão  reduzir usando a regra 75 (declaration)


Estado 45

   76 declaration: declaration_specifiers init_declarator_list • ';'
   84 init_declarator_list: init_declarator_list • ',' init_declarator

    ','  deslocar, e ir ao estado 70
    ';'  deslocar, e ir ao estado 71


Estado 46

   83 init_declarator_list: init_declarator •

    $padrão  reduzir usando a regra 83 (init_declarator_list)


Estado 47

   85 init_declarator: declarator •
   86                | declarator • '=' initializer
  208 function_definition: declaration_specifiers declarator • declaration_list compound_statement
  209                    | declaration_specifiers declarator • compound_statement

    TYPE_NAME  deslocar, e ir ao estado 2
    TYPEDEF    deslocar, e ir ao estado 3
    EXTERN     deslocar, e ir ao estado 4
    STATIC     deslocar, e ir ao estado 5
    AUTO       deslocar, e ir ao estado 6
    REGISTER   deslocar, e ir ao estado 7
    CHAR       deslocar, e ir ao estado 8
    SHORT      deslocar, e ir ao estado 9
    INT        deslocar, e ir ao estado 10
    LONG       deslocar, e ir ao estado 11
    SIGNED     deslocar, e ir ao estado 12
    UNSIGNED   deslocar, e ir ao estado 13
    FLOAT      deslocar, e ir ao estado 14
    DOUBLE     deslocar, e ir ao estado 15
    CONST      deslocar, e ir ao estado 16
    VOLATILE   deslocar, e ir ao estado 17
    VOID       deslocar, e ir ao estado 18
    STRUCT     deslocar, e ir ao estado 19
    UNION      deslocar, e ir ao estado 20
    ENUM       deslocar, e ir ao estado 21
    '='        deslocar, e ir ao estado 72
    '{'        deslocar, e ir ao estado 53

    $padrão  reduzir usando a regra 85 (init_declarator)

    declaration                ir ao estado 54
    declaration_specifiers     ir ao estado 55
    storage_class_specifier    ir ao estado 26
    type_specifier             ir ao estado 27
    struct_or_union_specifier  ir ao estado 28
    struct_or_union            ir ao estado 29
    enum_specifier             ir ao estado 30
    type_qualifier             ir ao estado 31
    compound_statement         ir ao estado 73
    declaration_list           ir ao estado 74


Estado 48

   78 declaration_specifiers: storage_class_specifier declaration_specifiers •

    $padrão  reduzir usando a regra 78 (declaration_specifiers)


Estado 49

   80 declaration_specifiers: type_specifier declaration_specifiers •

    $padrão  reduzir usando a regra 80 (declaration_specifiers)


Estado 50

  104 struct_or_union_specifier: struct_or_union IDENTIFIER • '{' struct_declaration_list '}'
  106                          | struct_or_union IDENTIFIER •

    '{'  deslocar, e ir ao estado 75

    $padrão  reduzir usando a regra 106 (struct_or_union_specifier)


Estado 51

  105 struct_or_union_specifier: struct_or_union '{' • struct_declaration_list '}'

    TYPE_NAME  deslocar, e ir ao estado 2
    CHAR       deslocar, e ir ao estado 8
    SHORT      deslocar, e ir ao estado 9
    INT        deslocar, e ir ao estado 10
    LONG       deslocar, e ir ao estado 11
    SIGNED     deslocar, e ir ao estado 12
    UNSIGNED   deslocar, e ir ao estado 13
    FLOAT      deslocar, e ir ao estado 14
    DOUBLE     deslocar, e ir ao estado 15
    CONST      deslocar, e ir ao estado 16
    VOLATILE   deslocar, e ir ao estado 17
    VOID       deslocar, e ir ao estado 18
    STRUCT     deslocar, e ir ao estado 19
    UNION      deslocar, e ir ao estado 20
    ENUM       deslocar, e ir ao estado 21

    type_specifier             ir ao estado 76
    struct_or_union_specifier  ir ao estado 28
    struct_or_union            ir ao estado 29
    struct_declaration_list    ir ao estado 77
    struct_declaration         ir ao estado 78
    specifier_qualifier_list   ir ao estado 79
    enum_specifier             ir ao estado 30
    type_qualifier             ir ao estado 80


Estado 52

   82 declaration_specifiers: type_qualifier declaration_specifiers •

    $padrão  reduzir usando a regra 82 (declaration_specifiers)


Estado 53

  182 compound_statement: '{' • '}'
  183                   | '{' • statement_list '}'
  184                   | '{' • declaration_list '}'
  185                   | '{' • declaration_list statement_list '}'

    IDENTIFIER      deslocar, e ir ao estado 81
    CONSTANT        deslocar, e ir ao estado 82
    STRING_LITERAL  deslocar, e ir ao estado 83
    SIZEOF          deslocar, e ir ao estado 84
    INC_OP          deslocar, e ir ao estado 85
    DEC_OP          deslocar, e ir ao estado 86
    TYPE_NAME       deslocar, e ir ao estado 2
    TYPEDEF         deslocar, e ir ao estado 3
    EXTERN          deslocar, e ir ao estado 4
    STATIC          deslocar, e ir ao estado 5
    AUTO            deslocar, e ir ao estado 6
    REGISTER        deslocar, e ir ao estado 7
    CHAR            deslocar, e ir ao estado 8
    SHORT           deslocar, e ir ao estado 9
    INT             deslocar, e ir ao estado 10
    LONG            deslocar, e ir ao estado 11
    SIGNED          deslocar, e ir ao estado 12
    UNSIGNED        deslocar, e ir ao estado 13
    FLOAT           deslocar, e ir ao estado 14
    DOUBLE          deslocar, e ir ao estado 15
    CONST           deslocar, e ir ao estado 16
    VOLATILE        deslocar, e ir ao estado 17
    VOID            deslocar, e ir ao estado 18
    STRUCT          deslocar, e ir ao estado 19
    UNION           deslocar, e ir ao estado 20
    ENUM            deslocar, e ir ao estado 21
    CASE            deslocar, e ir ao estado 87
    DEFAULT         deslocar, e ir ao estado 88
    IF              deslocar, e ir ao estado 89
    SWITCH          deslocar, e ir ao estado 90
    WHILE           deslocar, e ir ao estado 91
    DO              deslocar, e ir ao estado 92
    FOR             deslocar, e ir ao estado 93
    GOTO            deslocar, e ir ao estado 94
    CONTINUE        deslocar, e ir ao estado 95
    BREAK           deslocar, e ir ao estado 96
    RETURN          deslocar, e ir ao estado 97
    '('             deslocar, e ir ao estado 98
    '&'             deslocar, e ir ao estado 99
    '*'             deslocar, e ir ao estado 100
    '+'             deslocar, e ir ao estado 101
    '-'             deslocar, e ir ao estado 102
    '~'             deslocar, e ir ao estado 103
    '!'             deslocar, e ir ao estado 104
    ';'             deslocar, e ir ao estado 105
    '{'             deslocar, e ir ao estado 53
    '}'             deslocar, e ir ao estado 106

    primary_expression         ir ao estado 107
    postfix_expression         ir ao estado 108
    unary_expression           ir ao estado 109
    unary_operator             ir ao estado 110
    cast_expression            ir ao estado 111
    multiplicative_expression  ir ao estado 112
    additive_expression        ir ao estado 113
    shift_expression           ir ao estado 114
    relational_expression      ir ao estado 115
    equality_expression        ir ao estado 116
    and_expression             ir ao estado 117
    exclusive_or_expression    ir ao estado 118
    inclusive_or_expression    ir ao estado 119
    logical_and_expression     ir ao estado 120
    logical_or_expression      ir ao estado 121
    conditional_expression     ir ao estado 122
    assignment_expression      ir ao estado 123
    expression                 ir ao estado 124
    declaration                ir ao estado 54
    declaration_specifiers     ir ao estado 55
    storage_class_specifier    ir ao estado 26
    type_specifier             ir ao estado 27
    struct_or_union_specifier  ir ao estado 28
    struct_or_union            ir ao estado 29
    enum_specifier             ir ao estado 30
    type_qualifier             ir ao estado 31
    statement                  ir ao estado 125
    labeled_statement          ir ao estado 126
    compound_statement         ir ao estado 127
    declaration_list           ir ao estado 128
    statement_list             ir ao estado 129
    expression_statement       ir ao estado 130
    selection_statement        ir ao estado 131
    iteration_statement        ir ao estado 132
    jump_statement             ir ao estado 133


Estado 54

  186 declaration_list: declaration •

    $padrão  reduzir usando a regra 186 (declaration_list)


Estado 55

   75 declaration: declaration_specifiers • ';'
   76            | declaration_specifiers • init_declarator_list ';'

    IDENTIFIER  deslocar, e ir ao estado 1
    '('         deslocar, e ir ao estado 22
    '*'         deslocar, e ir ao estado 23
    ';'         deslocar, e ir ao estado 44

    init_declarator_list  ir ao estado 45
    init_declarator       ir ao estado 46
    declarator            ir ao estado 134
    direct_declarator     ir ao estado 33
    pointer               ir ao estado 34


Estado 56

  211 function_definition: declarator compound_statement •

    $padrão  reduzir usando a regra 211 (function_definition)


Estado 57

  187 declaration_list: declaration_list • declaration
  210 function_definition: declarator declaration_list • compound_statement

    TYPE_NAME  deslocar, e ir ao estado 2
    TYPEDEF    deslocar, e ir ao estado 3
    EXTERN     deslocar, e ir ao estado 4
    STATIC     deslocar, e ir ao estado 5
    AUTO       deslocar, e ir ao estado 6
    REGISTER   deslocar, e ir ao estado 7
    CHAR       deslocar, e ir ao estado 8
    SHORT      deslocar, e ir ao estado 9
    INT        deslocar, e ir ao estado 10
    LONG       deslocar, e ir ao estado 11
    SIGNED     deslocar, e ir ao estado 12
    UNSIGNED   deslocar, e ir ao estado 13
    FLOAT      deslocar, e ir ao estado 14
    DOUBLE     deslocar, e ir ao estado 15
    CONST      deslocar, e ir ao estado 16
    VOLATILE   deslocar, e ir ao estado 17
    VOID       deslocar, e ir ao estado 18
    STRUCT     deslocar, e ir ao estado 19
    UNION      deslocar, e ir ao estado 20
    ENUM       deslocar, e ir ao estado 21
    '{'        deslocar, e ir ao estado 53

    declaration                ir ao estado 135
    declaration_specifiers     ir ao estado 55
    storage_class_specifier    ir ao estado 26
    type_specifier             ir ao estado 27
    struct_or_union_specifier  ir ao estado 28
    struct_or_union            ir ao estado 29
    enum_specifier             ir ao estado 30
    type_qualifier             ir ao estado 31
    compound_statement         ir ao estado 136


Estado 58

  136 direct_declarator: direct_declarator '(' • parameter_type_list ')'
  137                  | direct_declarator '(' • identifier_list ')'
  138                  | direct_declarator '(' • ')'

    IDENTIFIER  deslocar, e ir ao estado 137
    TYPE_NAME   deslocar, e ir ao estado 2
    TYPEDEF     deslocar, e ir ao estado 3
    EXTERN      deslocar, e ir ao estado 4
    STATIC      deslocar, e ir ao estado 5
    AUTO        deslocar, e ir ao estado 6
    REGISTER    deslocar, e ir ao estado 7
    CHAR        deslocar, e ir ao estado 8
    SHORT       deslocar, e ir ao estado 9
    INT         deslocar, e ir ao estado 10
    LONG        deslocar, e ir ao estado 11
    SIGNED      deslocar, e ir ao estado 12
    UNSIGNED    deslocar, e ir ao estado 13
    FLOAT       deslocar, e ir ao estado 14
    DOUBLE      deslocar, e ir ao estado 15
    CONST       deslocar, e ir ao estado 16
    VOLATILE    deslocar, e ir ao estado 17
    VOID        deslocar, e ir ao estado 18
    STRUCT      deslocar, e ir ao estado 19
    UNION       deslocar, e ir ao estado 20
    ENUM        deslocar, e ir ao estado 21
    ')'         deslocar, e ir ao estado 138

    declaration_specifiers     ir ao estado 139
    storage_class_specifier    ir ao estado 26
    type_specifier             ir ao estado 27
    struct_or_union_specifier  ir ao estado 28
    struct_or_union            ir ao estado 29
    enum_specifier             ir ao estado 30
    type_qualifier             ir ao estado 31
    parameter_type_list        ir ao estado 140
    parameter_list             ir ao estado 141
    parameter_declaration      ir ao estado 142
    identifier_list            ir ao estado 143


Estado 59

  134 direct_declarator: direct_declarator '[' • constant_expression ']'
  135                  | direct_declarator '[' • ']'

    IDENTIFIER      deslocar, e ir ao estado 144
    CONSTANT        deslocar, e ir ao estado 82
    STRING_LITERAL  deslocar, e ir ao estado 83
    SIZEOF          deslocar, e ir ao estado 84
    INC_OP          deslocar, e ir ao estado 85
    DEC_OP          deslocar, e ir ao estado 86
    '('             deslocar, e ir ao estado 98
    ']'             deslocar, e ir ao estado 145
    '&'             deslocar, e ir ao estado 99
    '*'             deslocar, e ir ao estado 100
    '+'             deslocar, e ir ao estado 101
    '-'             deslocar, e ir ao estado 102
    '~'             deslocar, e ir ao estado 103
    '!'             deslocar, e ir ao estado 104

    primary_expression         ir ao estado 107
    postfix_expression         ir ao estado 108
    unary_expression           ir ao estado 146
    unary_operator             ir ao estado 110
    cast_expression            ir ao estado 111
    multiplicative_expression  ir ao estado 112
    additive_expression        ir ao estado 113
    shift_expression           ir ao estado 114
    relational_expression      ir ao estado 115
    equality_expression        ir ao estado 116
    and_expression             ir ao estado 117
    exclusive_or_expression    ir ao estado 118
    inclusive_or_expression    ir ao estado 119
    logical_and_expression     ir ao estado 120
    logical_or_expression      ir ao estado 121
    conditional_expression     ir ao estado 147
    constant_expression        ir ao estado 148


Estado 60

  130 declarator: pointer direct_declarator •
  134 direct_declarator: direct_declarator • '[' constant_expression ']'
  135                  | direct_declarator • '[' ']'
  136                  | direct_declarator • '(' parameter_type_list ')'
  137                  | direct_declarator • '(' identifier_list ')'
  138                  | direct_declarator • '(' ')'

    '('  deslocar, e ir ao estado 58
    '['  deslocar, e ir ao estado 59

    $padrão  reduzir usando a regra 130 (declarator)


Estado 61

    0 $accept: translation_unit $end •

    $padrão  aceitar


Estado 62

  205 translation_unit: translation_unit external_declaration •

    $padrão  reduzir usando a regra 205 (translation_unit)


Estado 63

  122 enum_specifier: ENUM IDENTIFIER '{' • enumerator_list '}'

    IDENTIFIER  deslocar, e ir ao estado 64

    enumerator_list  ir ao estado 149
    enumerator       ir ao estado 66


Estado 64

  126 enumerator: IDENTIFIER •
  127           | IDENTIFIER • '=' constant_expression

    '='  deslocar, e ir ao estado 150

    $padrão  reduzir usando a regra 126 (enumerator)


Estado 65

  121 enum_specifier: ENUM '{' enumerator_list • '}'
  125 enumerator_list: enumerator_list • ',' enumerator

    ','  deslocar, e ir ao estado 151
    '}'  deslocar, e ir ao estado 152


Estado 66

  124 enumerator_list: enumerator •

    $padrão  reduzir usando a regra 124 (enumerator_list)


Estado 67

  133 direct_declarator: '(' declarator ')' •

    $padrão  reduzir usando a regra 133 (direct_declarator)


Estado 68

  144 type_qualifier_list: type_qualifier_list type_qualifier •

    $padrão  reduzir usando a regra 144 (type_qualifier_list)


Estado 69

  142 pointer: '*' type_qualifier_list pointer •

    $padrão  reduzir usando a regra 142 (pointer)


Estado 70

   84 init_declarator_list: init_declarator_list ',' • init_declarator

    IDENTIFIER  deslocar, e ir ao estado 1
    '('         deslocar, e ir ao estado 22
    '*'         deslocar, e ir ao estado 23

    init_declarator    ir ao estado 153
    declarator         ir ao estado 134
    direct_declarator  ir ao estado 33
    pointer            ir ao estado 34


Estado 71

   76 declaration: declaration_specifiers init_declarator_list ';' •

    $padrão  reduzir usando a regra 76 (declaration)


Estado 72

   86 init_declarator: declarator '=' • initializer

    IDENTIFIER      deslocar, e ir ao estado 144
    CONSTANT        deslocar, e ir ao estado 82
    STRING_LITERAL  deslocar, e ir ao estado 83
    SIZEOF          deslocar, e ir ao estado 84
    INC_OP          deslocar, e ir ao estado 85
    DEC_OP          deslocar, e ir ao estado 86
    '('             deslocar, e ir ao estado 98
    '&'             deslocar, e ir ao estado 99
    '*'             deslocar, e ir ao estado 100
    '+'             deslocar, e ir ao estado 101
    '-'             deslocar, e ir ao estado 102
    '~'             deslocar, e ir ao estado 103
    '!'             deslocar, e ir ao estado 104
    '{'             deslocar, e ir ao estado 154

    primary_expression         ir ao estado 107
    postfix_expression         ir ao estado 108
    unary_expression           ir ao estado 109
    unary_operator             ir ao estado 110
    cast_expression            ir ao estado 111
    multiplicative_expression  ir ao estado 112
    additive_expression        ir ao estado 113
    shift_expression           ir ao estado 114
    relational_expression      ir ao estado 115
    equality_expression        ir ao estado 116
    and_expression             ir ao estado 117
    exclusive_or_expression    ir ao estado 118
    inclusive_or_expression    ir ao estado 119
    logical_and_expression     ir ao estado 120
    logical_or_expression      ir ao estado 121
    conditional_expression     ir ao estado 122
    assignment_expression      ir ao estado 155
    initializer                ir ao estado 156


Estado 73

  209 function_definition: declaration_specifiers declarator compound_statement •

    $padrão  reduzir usando a regra 209 (function_definition)


Estado 74

  187 declaration_list: declaration_list • declaration
  208 function_definition: declaration_specifiers declarator declaration_list • compound_statement

    TYPE_NAME  deslocar, e ir ao estado 2
    TYPEDEF    deslocar, e ir ao estado 3
    EXTERN     deslocar, e ir ao estado 4
    STATIC     deslocar, e ir ao estado 5
    AUTO       deslocar, e ir ao estado 6
    REGISTER   deslocar, e ir ao estado 7
    CHAR       deslocar, e ir ao estado 8
    SHORT      deslocar, e ir ao estado 9
    INT        deslocar, e ir ao estado 10
    LONG       deslocar, e ir ao estado 11
    SIGNED     deslocar, e ir ao estado 12
    UNSIGNED   deslocar, e ir ao estado 13
    FLOAT      deslocar, e ir ao estado 14
    DOUBLE     deslocar, e ir ao estado 15
    CONST      deslocar, e ir ao estado 16
    VOLATILE   deslocar, e ir ao estado 17
    VOID       deslocar, e ir ao estado 18
    STRUCT     deslocar, e ir ao estado 19
    UNION      deslocar, e ir ao estado 20
    ENUM       deslocar, e ir ao estado 21
    '{'        deslocar, e ir ao estado 53

    declaration                ir ao estado 135
    declaration_specifiers     ir ao estado 55
    storage_class_specifier    ir ao estado 26
    type_specifier             ir ao estado 27
    struct_or_union_specifier  ir ao estado 28
    struct_or_union            ir ao estado 29
    enum_specifier             ir ao estado 30
    type_qualifier             ir ao estado 31
    compound_statement         ir ao estado 157


Estado 75

  104 struct_or_union_specifier: struct_or_union IDENTIFIER '{' • struct_declaration_list '}'

    TYPE_NAME  deslocar, e ir ao estado 2
    CHAR       deslocar, e ir ao estado 8
    SHORT      deslocar, e ir ao estado 9
    INT        deslocar, e ir ao estado 10
    LONG       deslocar, e ir ao estado 11
    SIGNED     deslocar, e ir ao estado 12
    UNSIGNED   deslocar, e ir ao estado 13
    FLOAT      deslocar, e ir ao estado 14
    DOUBLE     deslocar, e ir ao estado 15
    CONST      deslocar, e ir ao estado 16
    VOLATILE   deslocar, e ir ao estado 17
    VOID       deslocar, e ir ao estado 18
    STRUCT     deslocar, e ir ao estado 19
    UNION      deslocar, e ir ao estado 20
    ENUM       deslocar, e ir ao estado 21

    type_specifier             ir ao estado 76
    struct_or_union_specifier  ir ao estado 28
    struct_or_union            ir ao estado 29
    struct_declaration_list    ir ao estado 158
    struct_declaration         ir ao estado 78
    specifier_qualifier_list   ir ao estado 79
    enum_specifier             ir ao estado 30
    type_qualifier             ir ao estado 80


Estado 76

  112 specifier_qualifier_list: type_specifier • specifier_qualifier_list
  113                         | type_specifier •

    TYPE_NAME  deslocar, e ir ao estado 2
    CHAR       deslocar, e ir ao estado 8
    SHORT      deslocar, e ir ao estado 9
    INT        deslocar, e ir ao estado 10
    LONG       deslocar, e ir ao estado 11
    SIGNED     deslocar, e ir ao estado 12
    UNSIGNED   deslocar, e ir ao estado 13
    FLOAT      deslocar, e ir ao estado 14
    DOUBLE     deslocar, e ir ao estado 15
    CONST      deslocar, e ir ao estado 16
    VOLATILE   deslocar, e ir ao estado 17
    VOID       deslocar, e ir ao estado 18
    STRUCT     deslocar, e ir ao estado 19
    UNION      deslocar, e ir ao estado 20
    ENUM       deslocar, e ir ao estado 21

    $padrão  reduzir usando a regra 113 (specifier_qualifier_list)

    type_specifier             ir ao estado 76
    struct_or_union_specifier  ir ao estado 28
    struct_or_union            ir ao estado 29
    specifier_qualifier_list   ir ao estado 159
    enum_specifier             ir ao estado 30
    type_qualifier             ir ao estado 80


Estado 77

  105 struct_or_union_specifier: struct_or_union '{' struct_declaration_list • '}'
  110 struct_declaration_list: struct_declaration_list • struct_declaration

    TYPE_NAME  deslocar, e ir ao estado 2
    CHAR       deslocar, e ir ao estado 8
    SHORT      deslocar, e ir ao estado 9
    INT        deslocar, e ir ao estado 10
    LONG       deslocar, e ir ao estado 11
    SIGNED     deslocar, e ir ao estado 12
    UNSIGNED   deslocar, e ir ao estado 13
    FLOAT      deslocar, e ir ao estado 14
    DOUBLE     deslocar, e ir ao estado 15
    CONST      deslocar, e ir ao estado 16
    VOLATILE   deslocar, e ir ao estado 17
    VOID       deslocar, e ir ao estado 18
    STRUCT     deslocar, e ir ao estado 19
    UNION      deslocar, e ir ao estado 20
    ENUM       deslocar, e ir ao estado 21
    '}'        deslocar, e ir ao estado 160

    type_specifier             ir ao estado 76
    struct_or_union_specifier  ir ao estado 28
    struct_or_union            ir ao estado 29
    struct_declaration         ir ao estado 161
    specifier_qualifier_list   ir ao estado 79
    enum_specifier             ir ao estado 30
    type_qualifier             ir ao estado 80


Estado 78

  109 struct_declaration_list: struct_declaration •

    $padrão  reduzir usando a regra 109 (struct_declaration_list)


Estado 79

  111 struct_declaration: specifier_qualifier_list • struct_declarator_list ';'

    IDENTIFIER  deslocar, e ir ao estado 1
    '('         deslocar, e ir ao estado 22
    '*'         deslocar, e ir ao estado 23
    ':'         deslocar, e ir ao estado 162

    struct_declarator_list  ir ao estado 163
    struct_declarator       ir ao estado 164
    declarator              ir ao estado 165
    direct_declarator       ir ao estado 33
    pointer                 ir ao estado 34


Estado 80

  114 specifier_qualifier_list: type_qualifier • specifier_qualifier_list
  115                         | type_qualifier •

    TYPE_NAME  deslocar, e ir ao estado 2
    CHAR       deslocar, e ir ao estado 8
    SHORT      deslocar, e ir ao estado 9
    INT        deslocar, e ir ao estado 10
    LONG       deslocar, e ir ao estado 11
    SIGNED     deslocar, e ir ao estado 12
    UNSIGNED   deslocar, e ir ao estado 13
    FLOAT      deslocar, e ir ao estado 14
    DOUBLE     deslocar, e ir ao estado 15
    CONST      deslocar, e ir ao estado 16
    VOLATILE   deslocar, e ir ao estado 17
    VOID       deslocar, e ir ao estado 18
    STRUCT     deslocar, e ir ao estado 19
    UNION      deslocar, e ir ao estado 20
    ENUM       deslocar, e ir ao estado 21

    $padrão  reduzir usando a regra 115 (specifier_qualifier_list)

    type_specifier             ir ao estado 76
    struct_or_union_specifier  ir ao estado 28
    struct_or_union            ir ao estado 29
    specifier_qualifier_list   ir ao estado 166
    enum_specifier             ir ao estado 30
    type_qualifier             ir ao estado 80


Estado 81

    1 primary_expression: IDENTIFIER •
  179 labeled_statement: IDENTIFIER • ':' statement

    ':'  deslocar, e ir ao estado 167

    $padrão  reduzir usando a regra 1 (primary_expression)


Estado 82

    2 primary_expression: CONSTANT •

    $padrão  reduzir usando a regra 2 (primary_expression)


Estado 83

    3 primary_expression: STRING_LITERAL •

    $padrão  reduzir usando a regra 3 (primary_expression)


Estado 84

   19 unary_expression: SIZEOF • unary_expression
   20                 | SIZEOF • '(' type_name ')'

    IDENTIFIER      deslocar, e ir ao estado 144
    CONSTANT        deslocar, e ir ao estado 82
    STRING_LITERAL  deslocar, e ir ao estado 83
    SIZEOF          deslocar, e ir ao estado 84
    INC_OP          deslocar, e ir ao estado 85
    DEC_OP          deslocar, e ir ao estado 86
    '('             deslocar, e ir ao estado 168
    '&'             deslocar, e ir ao estado 99
    '*'             deslocar, e ir ao estado 100
    '+'             deslocar, e ir ao estado 101
    '-'             deslocar, e ir ao estado 102
    '~'             deslocar, e ir ao estado 103
    '!'             deslocar, e ir ao estado 104

    primary_expression  ir ao estado 107
    postfix_expression  ir ao estado 108
    unary_expression    ir ao estado 169
    unary_operator      ir ao estado 110


Estado 85

   16 unary_expression: INC_OP • unary_expression

    IDENTIFIER      deslocar, e ir ao estado 144
    CONSTANT        deslocar, e ir ao estado 82
    STRING_LITERAL  deslocar, e ir ao estado 83
    SIZEOF          deslocar, e ir ao estado 84
    INC_OP          deslocar, e ir ao estado 85
    DEC_OP          deslocar, e ir ao estado 86
    '('             deslocar, e ir ao estado 170
    '&'             deslocar, e ir ao estado 99
    '*'             deslocar, e ir ao estado 100
    '+'             deslocar, e ir ao estado 101
    '-'             deslocar, e ir ao estado 102
    '~'             deslocar, e ir ao estado 103
    '!'             deslocar, e ir ao estado 104

    primary_expression  ir ao estado 107
    postfix_expression  ir ao estado 108
    unary_expression    ir ao estado 171
    unary_operator      ir ao estado 110


Estado 86

   17 unary_expression: DEC_OP • unary_expression

    IDENTIFIER      deslocar, e ir ao estado 144
    CONSTANT        deslocar, e ir ao estado 82
    STRING_LITERAL  deslocar, e ir ao estado 83
    SIZEOF          deslocar, e ir ao estado 84
    INC_OP          deslocar, e ir ao estado 85
    DEC_OP          deslocar, e ir ao estado 86
    '('             deslocar, e ir ao estado 170
    '&'             deslocar, e ir ao estado 99
    '*'             deslocar, e ir ao estado 100
    '+'             deslocar, e ir ao estado 101
    '-'             deslocar, e ir ao estado 102
    '~'             deslocar, e ir ao estado 103
    '!'             deslocar, e ir ao estado 104

    primary_expression  ir ao estado 107
    postfix_expression  ir ao estado 108
    unary_expression    ir ao estado 172
    unary_operator      ir ao estado 110


Estado 87

  180 labeled_statement: CASE • constant_expression ':' statement

    IDENTIFIER      deslocar, e ir ao estado 144
    CONSTANT        deslocar, e ir ao estado 82
    STRING_LITERAL  deslocar, e ir ao estado 83
    SIZEOF          deslocar, e ir ao estado 84
    INC_OP          deslocar, e ir ao estado 85
    DEC_OP          deslocar, e ir ao estado 86
    '('             deslocar, e ir ao estado 98
    '&'             deslocar, e ir ao estado 99
    '*'             deslocar, e ir ao estado 100
    '+'             deslocar, e ir ao estado 101
    '-'             deslocar, e ir ao estado 102
    '~'             deslocar, e ir ao estado 103
    '!'             deslocar, e ir ao estado 104

    primary_expression         ir ao estado 107
    postfix_expression         ir ao estado 108
    unary_expression           ir ao estado 146
    unary_operator             ir ao estado 110
    cast_expression            ir ao estado 111
    multiplicative_expression  ir ao estado 112
    additive_expression        ir ao estado 113
    shift_expression           ir ao estado 114
    relational_expression      ir ao estado 115
    equality_expression        ir ao estado 116
    and_expression             ir ao estado 117
    exclusive_or_expression    ir ao estado 118
    inclusive_or_expression    ir ao estado 119
    logical_and_expression     ir ao estado 120
    logical_or_expression      ir ao estado 121
    conditional_expression     ir ao estado 147
    constant_expression        ir ao estado 173


Estado 88

  181 labeled_statement: DEFAULT • ':' statement

    ':'  deslocar, e ir ao estado 174


Estado 89

  192 selection_statement: IF • '(' expression ')' statement
  193                    | IF • '(' expression ')' statement ELSE statement

    '('  deslocar, e ir ao estado 175


Estado 90

  194 selection_statement: SWITCH • '(' expression ')' statement

    '('  deslocar, e ir ao estado 176


Estado 91

  195 iteration_statement: WHILE • '(' expression ')' statement

    '('  deslocar, e ir ao estado 177


Estado 92

  196 iteration_statement: DO • statement WHILE '(' expression ')' ';'

    IDENTIFIER      deslocar, e ir ao estado 81
    CONSTANT        deslocar, e ir ao estado 82
    STRING_LITERAL  deslocar, e ir ao estado 83
    SIZEOF          deslocar, e ir ao estado 84
    INC_OP          deslocar, e ir ao estado 85
    DEC_OP          deslocar, e ir ao estado 86
    CASE            deslocar, e ir ao estado 87
    DEFAULT         deslocar, e ir ao estado 88
    IF              deslocar, e ir ao estado 89
    SWITCH          deslocar, e ir ao estado 90
    WHILE           deslocar, e ir ao estado 91
    DO              deslocar, e ir ao estado 92
    FOR             deslocar, e ir ao estado 93
    GOTO            deslocar, e ir ao estado 94
    CONTINUE        deslocar, e ir ao estado 95
    BREAK           deslocar, e ir ao estado 96
    RETURN          deslocar, e ir ao estado 97
    '('             deslocar, e ir ao estado 98
    '&'             deslocar, e ir ao estado 99
    '*'             deslocar, e ir ao estado 100
    '+'             deslocar, e ir ao estado 101
    '-'             deslocar, e ir ao estado 102
    '~'             deslocar, e ir ao estado 103
    '!'             deslocar, e ir ao estado 104
    ';'             deslocar, e ir ao estado 105
    '{'             deslocar, e ir ao estado 53

    primary_expression         ir ao estado 107
    postfix_expression         ir ao estado 108
    unary_expression           ir ao estado 109
    unary_operator             ir ao estado 110
    cast_expression            ir ao estado 111
    multiplicative_expression  ir ao estado 112
    additive_expression        ir ao estado 113
    shift_expression           ir ao estado 114
    relational_expression      ir ao estado 115
    equality_expression        ir ao estado 116
    and_expression             ir ao estado 117
    exclusive_or_expression    ir ao estado 118
    inclusive_or_expression    ir ao estado 119
    logical_and_expression     ir ao estado 120
    logical_or_expression      ir ao estado 121
    conditional_expression     ir ao estado 122
    assignment_expression      ir ao estado 123
    expression                 ir ao estado 124
    statement                  ir ao estado 178
    labeled_statement          ir ao estado 126
    compound_statement         ir ao estado 127
    expression_statement       ir ao estado 130
    selection_statement        ir ao estado 131
    iteration_statement        ir ao estado 132
    jump_statement             ir ao estado 133


Estado 93

  197 iteration_statement: FOR • '(' expression_statement expression_statement ')' statement
  198                    | FOR • '(' expression_statement expression_statement expression ')' statement

    '('  deslocar, e ir ao estado 179


Estado 94

  199 jump_statement: GOTO • IDENTIFIER ';'

    IDENTIFIER  deslocar, e ir ao estado 180


Estado 95

  200 jump_statement: CONTINUE • ';'

    ';'  deslocar, e ir ao estado 181


Estado 96

  201 jump_statement: BREAK • ';'

    ';'  deslocar, e ir ao estado 182


Estado 97

  202 jump_statement: RETURN • ';'
  203               | RETURN • expression ';'

    IDENTIFIER      deslocar, e ir ao estado 144
    CONSTANT        deslocar, e ir ao estado 82
    STRING_LITERAL  deslocar, e ir ao estado 83
    SIZEOF          deslocar, e ir ao estado 84
    INC_OP          deslocar, e ir ao estado 85
    DEC_OP          deslocar, e ir ao estado 86
    '('             deslocar, e ir ao estado 98
    '&'             deslocar, e ir ao estado 99
    '*'             deslocar, e ir ao estado 100
    '+'             deslocar, e ir ao estado 101
    '-'             deslocar, e ir ao estado 102
    '~'             deslocar, e ir ao estado 103
    '!'             deslocar, e ir ao estado 104
    ';'             deslocar, e ir ao estado 183

    primary_expression         ir ao estado 107
    postfix_expression         ir ao estado 108
    unary_expression           ir ao estado 109
    unary_operator             ir ao estado 110
    cast_expression            ir ao estado 111
    multiplicative_expression  ir ao estado 112
    additive_expression        ir ao estado 113
    shift_expression           ir ao estado 114
    relational_expression      ir ao estado 115
    equality_expression        ir ao estado 116
    and_expression             ir ao estado 117
    exclusive_or_expression    ir ao estado 118
    inclusive_or_expression    ir ao estado 119
    logical_and_expression     ir ao estado 120
    logical_or_expression      ir ao estado 121
    conditional_expression     ir ao estado 122
    assignment_expression      ir ao estado 123
    expression                 ir ao estado 184


Estado 98

    4 primary_expression: '(' • expression ')'
   28 cast_expression: '(' • type_name ')' cast_expression

    IDENTIFIER      deslocar, e ir ao estado 144
    CONSTANT        deslocar, e ir ao estado 82
    STRING_LITERAL  deslocar, e ir ao estado 83
    SIZEOF          deslocar, e ir ao estado 84
    INC_OP          deslocar, e ir ao estado 85
    DEC_OP          deslocar, e ir ao estado 86
    TYPE_NAME       deslocar, e ir ao estado 2
    CHAR            deslocar, e ir ao estado 8
    SHORT           deslocar, e ir ao estado 9
    INT             deslocar, e ir ao estado 10
    LONG            deslocar, e ir ao estado 11
    SIGNED          deslocar, e ir ao estado 12
    UNSIGNED        deslocar, e ir ao estado 13
    FLOAT           deslocar, e ir ao estado 14
    DOUBLE          deslocar, e ir ao estado 15
    CONST           deslocar, e ir ao estado 16
    VOLATILE        deslocar, e ir ao estado 17
    VOID            deslocar, e ir ao estado 18
    STRUCT          deslocar, e ir ao estado 19
    UNION           deslocar, e ir ao estado 20
    ENUM            deslocar, e ir ao estado 21
    '('             deslocar, e ir ao estado 98
    '&'             deslocar, e ir ao estado 99
    '*'             deslocar, e ir ao estado 100
    '+'             deslocar, e ir ao estado 101
    '-'             deslocar, e ir ao estado 102
    '~'             deslocar, e ir ao estado 103
    '!'             deslocar, e ir ao estado 104

    primary_expression         ir ao estado 107
    postfix_expression         ir ao estado 108
    unary_expression           ir ao estado 109
    unary_operator             ir ao estado 110
    cast_expression            ir ao estado 111
    multiplicative_expression  ir ao estado 112
    additive_expression        ir ao estado 113
    shift_expression           ir ao estado 114
    relational_expression      ir ao estado 115
    equality_expression        ir ao estado 116
    and_expression             ir ao estado 117
    exclusive_or_expression    ir ao estado 118
    inclusive_or_expression    ir ao estado 119
    logical_and_expression     ir ao estado 120
    logical_or_expression      ir ao estado 121
    conditional_expression     ir ao estado 122
    assignment_expression      ir ao estado 123
    expression                 ir ao estado 185
    type_specifier             ir ao estado 76
    struct_or_union_specifier  ir ao estado 28
    struct_or_union            ir ao estado 29
    specifier_qualifier_list   ir ao estado 186
    enum_specifier             ir ao estado 30
    type_qualifier             ir ao estado 80
    type_name                  ir ao estado 187


Estado 99

   21 unary_operator: '&' •

    $padrão  reduzir usando a regra 21 (unary_operator)


Estado 100

   22 unary_operator: '*' •

    $padrão  reduzir usando a regra 22 (unary_operator)


Estado 101

   23 unary_operator: '+' •

    $padrão  reduzir usando a regra 23 (unary_operator)


Estado 102

   24 unary_operator: '-' •

    $padrão  reduzir usando a regra 24 (unary_operator)


Estado 103

   25 unary_operator: '~' •

    $padrão  reduzir usando a regra 25 (unary_operator)


Estado 104

   26 unary_operator: '!' •

    $padrão  reduzir usando a regra 26 (unary_operator)


Estado 105

  190 expression_statement: ';' •

    $padrão  reduzir usando a regra 190 (expression_statement)


Estado 106

  182 compound_statement: '{' '}' •

    $padrão  reduzir usando a regra 182 (compound_statement)


Estado 107

    5 postfix_expression: primary_expression •

    $padrão  reduzir usando a regra 5 (postfix_expression)


Estado 108

    6 postfix_expression: postfix_expression • '[' expression ']'
    7                   | postfix_expression • '(' ')'
    8                   | postfix_expression • '(' argument_expression_list ')'
    9                   | postfix_expression • '.' IDENTIFIER
   10                   | postfix_expression • PTR_OP IDENTIFIER
   11                   | postfix_expression • INC_OP
   12                   | postfix_expression • DEC_OP
   15 unary_expression: postfix_expression •

    PTR_OP  deslocar, e ir ao estado 188
    INC_OP  deslocar, e ir ao estado 189
    DEC_OP  deslocar, e ir ao estado 190
    '('     deslocar, e ir ao estado 191
    '['     deslocar, e ir ao estado 192
    '.'     deslocar, e ir ao estado 193

    $padrão  reduzir usando a regra 15 (unary_expression)


Estado 109

   27 cast_expression: unary_expression •
   60 assignment_expression: unary_expression • assignment_operator assignment_expression

    MUL_ASSIGN    deslocar, e ir ao estado 194
    DIV_ASSIGN    deslocar, e ir ao estado 195
    MOD_ASSIGN    deslocar, e ir ao estado 196
    ADD_ASSIGN    deslocar, e ir ao estado 197
    SUB_ASSIGN    deslocar, e ir ao estado 198
    LEFT_ASSIGN   deslocar, e ir ao estado 199
    RIGHT_ASSIGN  deslocar, e ir ao estado 200
    AND_ASSIGN    deslocar, e ir ao estado 201
    XOR_ASSIGN    deslocar, e ir ao estado 202
    OR_ASSIGN     deslocar, e ir ao estado 203
    '='           deslocar, e ir ao estado 204

    $padrão  reduzir usando a regra 27 (cast_expression)

    assignment_operator  ir ao estado 205


Estado 110

   18 unary_expression: unary_operator • cast_expression

    IDENTIFIER      deslocar, e ir ao estado 144
    CONSTANT        deslocar, e ir ao estado 82
    STRING_LITERAL  deslocar, e ir ao estado 83
    SIZEOF          deslocar, e ir ao estado 84
    INC_OP          deslocar, e ir ao estado 85
    DEC_OP          deslocar, e ir ao estado 86
    '('             deslocar, e ir ao estado 98
    '&'             deslocar, e ir ao estado 99
    '*'             deslocar, e ir ao estado 100
    '+'             deslocar, e ir ao estado 101
    '-'             deslocar, e ir ao estado 102
    '~'             deslocar, e ir ao estado 103
    '!'             deslocar, e ir ao estado 104

    primary_expression  ir ao estado 107
    postfix_expression  ir ao estado 108
    unary_expression    ir ao estado 146
    unary_operator      ir ao estado 110
    cast_expression     ir ao estado 206


Estado 111

   29 multiplicative_expression: cast_expression •

    $padrão  reduzir usando a regra 29 (multiplicative_expression)


Estado 112

   30 multiplicative_expression: multiplicative_expression • '*' cast_expression
   31                          | multiplicative_expression • '/' cast_expression
   32                          | multiplicative_expression • '%' cast_expression
   33 additive_expression: multiplicative_expression •

    '*'  deslocar, e ir ao estado 207
    '/'  deslocar, e ir ao estado 208
    '%'  deslocar, e ir ao estado 209

    $padrão  reduzir usando a regra 33 (additive_expression)


Estado 113

   34 additive_expression: additive_expression • '+' multiplicative_expression
   35                    | additive_expression • '-' multiplicative_expression
   36 shift_expression: additive_expression •

    '+'  deslocar, e ir ao estado 210
    '-'  deslocar, e ir ao estado 211

    $padrão  reduzir usando a regra 36 (shift_expression)


Estado 114

   37 shift_expression: shift_expression • LEFT_OP additive_expression
   38                 | shift_expression • RIGHT_OP additive_expression
   39 relational_expression: shift_expression •

    LEFT_OP   deslocar, e ir ao estado 212
    RIGHT_OP  deslocar, e ir ao estado 213

    $padrão  reduzir usando a regra 39 (relational_expression)


Estado 115

   40 relational_expression: relational_expression • '<' shift_expression
   41                      | relational_expression • '>' shift_expression
   42                      | relational_expression • LE_OP shift_expression
   43                      | relational_expression • GE_OP shift_expression
   44 equality_expression: relational_expression •

    LE_OP  deslocar, e ir ao estado 214
    GE_OP  deslocar, e ir ao estado 215
    '<'    deslocar, e ir ao estado 216
    '>'    deslocar, e ir ao estado 217

    $padrão  reduzir usando a regra 44 (equality_expression)


Estado 116

   45 equality_expression: equality_expression • EQ_OP relational_expression
   46                    | equality_expression • NE_OP relational_expression
   47 and_expression: equality_expression •

    EQ_OP  deslocar, e ir ao estado 218
    NE_OP  deslocar, e ir ao estado 219

    $padrão  reduzir usando a regra 47 (and_expression)


Estado 117

   48 and_expression: and_expression • '&' equality_expression
   49 exclusive_or_expression: and_expression •

    '&'  deslocar, e ir ao estado 220

    $padrão  reduzir usando a regra 49 (exclusive_or_expression)


Estado 118

   50 exclusive_or_expression: exclusive_or_expression • '^' and_expression
   51 inclusive_or_expression: exclusive_or_expression •

    '^'  deslocar, e ir ao estado 221

    $padrão  reduzir usando a regra 51 (inclusive_or_expression)


Estado 119

   52 inclusive_or_expression: inclusive_or_expression • '|' exclusive_or_expression
   53 logical_and_expression: inclusive_or_expression •

    '|'  deslocar, e ir ao estado 222

    $padrão  reduzir usando a regra 53 (logical_and_expression)


Estado 120

   54 logical_and_expression: logical_and_expression • AND_OP inclusive_or_expression
   55 logical_or_expression: logical_and_expression •

    AND_OP  deslocar, e ir ao estado 223

    $padrão  reduzir usando a regra 55 (logical_or_expression)


Estado 121

   56 logical_or_expression: logical_or_expression • OR_OP logical_and_expression
   57 conditional_expression: logical_or_expression •
   58                       | logical_or_expression • '?' expression ':' conditional_expression

    OR_OP  deslocar, e ir ao estado 224
    '?'    deslocar, e ir ao estado 225

    $padrão  reduzir usando a regra 57 (conditional_expression)


Estado 122

   59 assignment_expression: conditional_expression •

    $padrão  reduzir usando a regra 59 (assignment_expression)


Estado 123

   72 expression: assignment_expression •

    $padrão  reduzir usando a regra 72 (expression)


Estado 124

   73 expression: expression • ',' assignment_expression
  191 expression_statement: expression • ';'

    ','  deslocar, e ir ao estado 226
    ';'  deslocar, e ir ao estado 227


Estado 125

  188 statement_list: statement •

    $padrão  reduzir usando a regra 188 (statement_list)


Estado 126

  173 statement: labeled_statement •

    $padrão  reduzir usando a regra 173 (statement)


Estado 127

  174 statement: compound_statement •

    $padrão  reduzir usando a regra 174 (statement)


Estado 128

  184 compound_statement: '{' declaration_list • '}'
  185                   | '{' declaration_list • statement_list '}'
  187 declaration_list: declaration_list • declaration

    IDENTIFIER      deslocar, e ir ao estado 81
    CONSTANT        deslocar, e ir ao estado 82
    STRING_LITERAL  deslocar, e ir ao estado 83
    SIZEOF          deslocar, e ir ao estado 84
    INC_OP          deslocar, e ir ao estado 85
    DEC_OP          deslocar, e ir ao estado 86
    TYPE_NAME       deslocar, e ir ao estado 2
    TYPEDEF         deslocar, e ir ao estado 3
    EXTERN          deslocar, e ir ao estado 4
    STATIC          deslocar, e ir ao estado 5
    AUTO            deslocar, e ir ao estado 6
    REGISTER        deslocar, e ir ao estado 7
    CHAR            deslocar, e ir ao estado 8
    SHORT           deslocar, e ir ao estado 9
    INT             deslocar, e ir ao estado 10
    LONG            deslocar, e ir ao estado 11
    SIGNED          deslocar, e ir ao estado 12
    UNSIGNED        deslocar, e ir ao estado 13
    FLOAT           deslocar, e ir ao estado 14
    DOUBLE          deslocar, e ir ao estado 15
    CONST           deslocar, e ir ao estado 16
    VOLATILE        deslocar, e ir ao estado 17
    VOID            deslocar, e ir ao estado 18
    STRUCT          deslocar, e ir ao estado 19
    UNION           deslocar, e ir ao estado 20
    ENUM            deslocar, e ir ao estado 21
    CASE            deslocar, e ir ao estado 87
    DEFAULT         deslocar, e ir ao estado 88
    IF              deslocar, e ir ao estado 89
    SWITCH          deslocar, e ir ao estado 90
    WHILE           deslocar, e ir ao estado 91
    DO              deslocar, e ir ao estado 92
    FOR             deslocar, e ir ao estado 93
    GOTO            deslocar, e ir ao estado 94
    CONTINUE        deslocar, e ir ao estado 95
    BREAK           deslocar, e ir ao estado 96
    RETURN          deslocar, e ir ao estado 97
    '('             deslocar, e ir ao estado 98
    '&'             deslocar, e ir ao estado 99
    '*'             deslocar, e ir ao estado 100
    '+'             deslocar, e ir ao estado 101
    '-'             deslocar, e ir ao estado 102
    '~'             deslocar, e ir ao estado 103
    '!'             deslocar, e ir ao estado 104
    ';'             deslocar, e ir ao estado 105
    '{'             deslocar, e ir ao estado 53
    '}'             deslocar, e ir ao estado 228

    primary_expression         ir ao estado 107
    postfix_expression         ir ao estado 108
    unary_expression           ir ao estado 109
    unary_operator             ir ao estado 110
    cast_expression            ir ao estado 111
    multiplicative_expression  ir ao estado 112
    additive_expression        ir ao estado 113
    shift_expression           ir ao estado 114
    relational_expression      ir ao estado 115
    equality_expression        ir ao estado 116
    and_expression             ir ao estado 117
    exclusive_or_expression    ir ao estado 118
    inclusive_or_expression    ir ao estado 119
    logical_and_expression     ir ao estado 120
    logical_or_expression      ir ao estado 121
    conditional_expression     ir ao estado 122
    assignment_expression      ir ao estado 123
    expression                 ir ao estado 124
    declaration                ir ao estado 135
    declaration_specifiers     ir ao estado 55
    storage_class_specifier    ir ao estado 26
    type_specifier             ir ao estado 27
    struct_or_union_specifier  ir ao estado 28
    struct_or_union            ir ao estado 29
    enum_specifier             ir ao estado 30
    type_qualifier             ir ao estado 31
    statement                  ir ao estado 125
    labeled_statement          ir ao estado 126
    compound_statement         ir ao estado 127
    statement_list             ir ao estado 229
    expression_statement       ir ao estado 130
    selection_statement        ir ao estado 131
    iteration_statement        ir ao estado 132
    jump_statement             ir ao estado 133


Estado 129

  183 compound_statement: '{' statement_list • '}'
  189 statement_list: statement_list • statement

    IDENTIFIER      deslocar, e ir ao estado 81
    CONSTANT        deslocar, e ir ao estado 82
    STRING_LITERAL  deslocar, e ir ao estado 83
    SIZEOF          deslocar, e ir ao estado 84
    INC_OP          deslocar, e ir ao estado 85
    DEC_OP          deslocar, e ir ao estado 86
    CASE            deslocar, e ir ao estado 87
    DEFAULT         deslocar, e ir ao estado 88
    IF              deslocar, e ir ao estado 89
    SWITCH          deslocar, e ir ao estado 90
    WHILE           deslocar, e ir ao estado 91
    DO              deslocar, e ir ao estado 92
    FOR             deslocar, e ir ao estado 93
    GOTO            deslocar, e ir ao estado 94
    CONTINUE        deslocar, e ir ao estado 95
    BREAK           deslocar, e ir ao estado 96
    RETURN          deslocar, e ir ao estado 97
    '('             deslocar, e ir ao estado 98
    '&'             deslocar, e ir ao estado 99
    '*'             deslocar, e ir ao estado 100
    '+'             deslocar, e ir ao estado 101
    '-'             deslocar, e ir ao estado 102
    '~'             deslocar, e ir ao estado 103
    '!'             deslocar, e ir ao estado 104
    ';'             deslocar, e ir ao estado 105
    '{'             deslocar, e ir ao estado 53
    '}'             deslocar, e ir ao estado 230

    primary_expression         ir ao estado 107
    postfix_expression         ir ao estado 108
    unary_expression           ir ao estado 109
    unary_operator             ir ao estado 110
    cast_expression            ir ao estado 111
    multiplicative_expression  ir ao estado 112
    additive_expression        ir ao estado 113
    shift_expression           ir ao estado 114
    relational_expression      ir ao estado 115
    equality_expression        ir ao estado 116
    and_expression             ir ao estado 117
    exclusive_or_expression    ir ao estado 118
    inclusive_or_expression    ir ao estado 119
    logical_and_expression     ir ao estado 120
    logical_or_expression      ir ao estado 121
    conditional_expression     ir ao estado 122
    assignment_expression      ir ao estado 123
    expression                 ir ao estado 124
    statement                  ir ao estado 231
    labeled_statement          ir ao estado 126
    compound_statement         ir ao estado 127
    expression_statement       ir ao estado 130
    selection_statement        ir ao estado 131
    iteration_statement        ir ao estado 132
    jump_statement             ir ao estado 133


Estado 130

  175 statement: expression_statement •

    $padrão  reduzir usando a regra 175 (statement)


Estado 131

  176 statement: selection_statement •

    $padrão  reduzir usando a regra 176 (statement)


Estado 132

  177 statement: iteration_statement •

    $padrão  reduzir usando a regra 177 (statement)


Estado 133

  178 statement: jump_statement •

    $padrão  reduzir usando a regra 178 (statement)


Estado 134

   85 init_declarator: declarator •
   86                | declarator • '=' initializer

    '='  deslocar, e ir ao estado 72

    $padrão  reduzir usando a regra 85 (init_declarator)


Estado 135

  187 declaration_list: declaration_list declaration •

    $padrão  reduzir usando a regra 187 (declaration_list)


Estado 136

  210 function_definition: declarator declaration_list compound_statement •

    $padrão  reduzir usando a regra 210 (function_definition)


Estado 137

  152 identifier_list: IDENTIFIER •

    $padrão  reduzir usando a regra 152 (identifier_list)


Estado 138

  138 direct_declarator: direct_declarator '(' ')' •

    $padrão  reduzir usando a regra 138 (direct_declarator)


Estado 139

  149 parameter_declaration: declaration_specifiers • declarator
  150                      | declaration_specifiers • abstract_declarator
  151                      | declaration_specifiers •

    IDENTIFIER  deslocar, e ir ao estado 1
    '('         deslocar, e ir ao estado 232
    '['         deslocar, e ir ao estado 233
    '*'         deslocar, e ir ao estado 23

    $padrão  reduzir usando a regra 151 (parameter_declaration)

    declarator                  ir ao estado 234
    direct_declarator           ir ao estado 33
    pointer                     ir ao estado 235
    abstract_declarator         ir ao estado 236
    direct_abstract_declarator  ir ao estado 237


Estado 140

  136 direct_declarator: direct_declarator '(' parameter_type_list • ')'

    ')'  deslocar, e ir ao estado 238


Estado 141

  145 parameter_type_list: parameter_list •
  146                    | parameter_list • ',' ELLIPSIS
  148 parameter_list: parameter_list • ',' parameter_declaration

    ','  deslocar, e ir ao estado 239

    $padrão  reduzir usando a regra 145 (parameter_type_list)


Estado 142

  147 parameter_list: parameter_declaration •

    $padrão  reduzir usando a regra 147 (parameter_list)


Estado 143

  137 direct_declarator: direct_declarator '(' identifier_list • ')'
  153 identifier_list: identifier_list • ',' IDENTIFIER

    ')'  deslocar, e ir ao estado 240
    ','  deslocar, e ir ao estado 241


Estado 144

    1 primary_expression: IDENTIFIER •

    $padrão  reduzir usando a regra 1 (primary_expression)


Estado 145

  135 direct_declarator: direct_declarator '[' ']' •

    $padrão  reduzir usando a regra 135 (direct_declarator)


Estado 146

   27 cast_expression: unary_expression •

    $padrão  reduzir usando a regra 27 (cast_expression)


Estado 147

   74 constant_expression: conditional_expression •

    $padrão  reduzir usando a regra 74 (constant_expression)


Estado 148

  134 direct_declarator: direct_declarator '[' constant_expression • ']'

    ']'  deslocar, e ir ao estado 242


Estado 149

  122 enum_specifier: ENUM IDENTIFIER '{' enumerator_list • '}'
  125 enumerator_list: enumerator_list • ',' enumerator

    ','  deslocar, e ir ao estado 151
    '}'  deslocar, e ir ao estado 243


Estado 150

  127 enumerator: IDENTIFIER '=' • constant_expression

    IDENTIFIER      deslocar, e ir ao estado 144
    CONSTANT        deslocar, e ir ao estado 82
    STRING_LITERAL  deslocar, e ir ao estado 83
    SIZEOF          deslocar, e ir ao estado 84
    INC_OP          deslocar, e ir ao estado 85
    DEC_OP          deslocar, e ir ao estado 86
    '('             deslocar, e ir ao estado 98
    '&'             deslocar, e ir ao estado 99
    '*'             deslocar, e ir ao estado 100
    '+'             deslocar, e ir ao estado 101
    '-'             deslocar, e ir ao estado 102
    '~'             deslocar, e ir ao estado 103
    '!'             deslocar, e ir ao estado 104

    primary_expression         ir ao estado 107
    postfix_expression         ir ao estado 108
    unary_expression           ir ao estado 146
    unary_operator             ir ao estado 110
    cast_expression            ir ao estado 111
    multiplicative_expression  ir ao estado 112
    additive_expression        ir ao estado 113
    shift_expression           ir ao estado 114
    relational_expression      ir ao estado 115
    equality_expression        ir ao estado 116
    and_expression             ir ao estado 117
    exclusive_or_expression    ir ao estado 118
    inclusive_or_expression    ir ao estado 119
    logical_and_expression     ir ao estado 120
    logical_or_expression      ir ao estado 121
    conditional_expression     ir ao estado 147
    constant_expression        ir ao estado 244


Estado 151

  125 enumerator_list: enumerator_list ',' • enumerator

    IDENTIFIER  deslocar, e ir ao estado 64

    enumerator  ir ao estado 245


Estado 152

  121 enum_specifier: ENUM '{' enumerator_list '}' •

    $padrão  reduzir usando a regra 121 (enum_specifier)


Estado 153

   84 init_declarator_list: init_declarator_list ',' init_declarator •

    $padrão  reduzir usando a regra 84 (init_declarator_list)


Estado 154

  169 initializer: '{' • initializer_list '}'
  170            | '{' • initializer_list ',' '}'

    IDENTIFIER      deslocar, e ir ao estado 144
    CONSTANT        deslocar, e ir ao estado 82
    STRING_LITERAL  deslocar, e ir ao estado 83
    SIZEOF          deslocar, e ir ao estado 84
    INC_OP          deslocar, e ir ao estado 85
    DEC_OP          deslocar, e ir ao estado 86
    '('             deslocar, e ir ao estado 98
    '&'             deslocar, e ir ao estado 99
    '*'             deslocar, e ir ao estado 100
    '+'             deslocar, e ir ao estado 101
    '-'             deslocar, e ir ao estado 102
    '~'             deslocar, e ir ao estado 103
    '!'             deslocar, e ir ao estado 104
    '{'             deslocar, e ir ao estado 154

    primary_expression         ir ao estado 107
    postfix_expression         ir ao estado 108
    unary_expression           ir ao estado 109
    unary_operator             ir ao estado 110
    cast_expression            ir ao estado 111
    multiplicative_expression  ir ao estado 112
    additive_expression        ir ao estado 113
    shift_expression           ir ao estado 114
    relational_expression      ir ao estado 115
    equality_expression        ir ao estado 116
    and_expression             ir ao estado 117
    exclusive_or_expression    ir ao estado 118
    inclusive_or_expression    ir ao estado 119
    logical_and_expression     ir ao estado 120
    logical_or_expression      ir ao estado 121
    conditional_expression     ir ao estado 122
    assignment_expression      ir ao estado 155
    initializer                ir ao estado 246
    initializer_list           ir ao estado 247


Estado 155

  168 initializer: assignment_expression •

    $padrão  reduzir usando a regra 168 (initializer)


Estado 156

   86 init_declarator: declarator '=' initializer •

    $padrão  reduzir usando a regra 86 (init_declarator)


Estado 157

  208 function_definition: declaration_specifiers declarator declaration_list compound_statement •

    $padrão  reduzir usando a regra 208 (function_definition)


Estado 158

  104 struct_or_union_specifier: struct_or_union IDENTIFIER '{' struct_declaration_list • '}'
  110 struct_declaration_list: struct_declaration_list • struct_declaration

    TYPE_NAME  deslocar, e ir ao estado 2
    CHAR       deslocar, e ir ao estado 8
    SHORT      deslocar, e ir ao estado 9
    INT        deslocar, e ir ao estado 10
    LONG       deslocar, e ir ao estado 11
    SIGNED     deslocar, e ir ao estado 12
    UNSIGNED   deslocar, e ir ao estado 13
    FLOAT      deslocar, e ir ao estado 14
    DOUBLE     deslocar, e ir ao estado 15
    CONST      deslocar, e ir ao estado 16
    VOLATILE   deslocar, e ir ao estado 17
    VOID       deslocar, e ir ao estado 18
    STRUCT     deslocar, e ir ao estado 19
    UNION      deslocar, e ir ao estado 20
    ENUM       deslocar, e ir ao estado 21
    '}'        deslocar, e ir ao estado 248

    type_specifier             ir ao estado 76
    struct_or_union_specifier  ir ao estado 28
    struct_or_union            ir ao estado 29
    struct_declaration         ir ao estado 161
    specifier_qualifier_list   ir ao estado 79
    enum_specifier             ir ao estado 30
    type_qualifier             ir ao estado 80


Estado 159

  112 specifier_qualifier_list: type_specifier specifier_qualifier_list •

    $padrão  reduzir usando a regra 112 (specifier_qualifier_list)


Estado 160

  105 struct_or_union_specifier: struct_or_union '{' struct_declaration_list '}' •

    $padrão  reduzir usando a regra 105 (struct_or_union_specifier)


Estado 161

  110 struct_declaration_list: struct_declaration_list struct_declaration •

    $padrão  reduzir usando a regra 110 (struct_declaration_list)


Estado 162

  119 struct_declarator: ':' • constant_expression

    IDENTIFIER      deslocar, e ir ao estado 144
    CONSTANT        deslocar, e ir ao estado 82
    STRING_LITERAL  deslocar, e ir ao estado 83
    SIZEOF          deslocar, e ir ao estado 84
    INC_OP          deslocar, e ir ao estado 85
    DEC_OP          deslocar, e ir ao estado 86
    '('             deslocar, e ir ao estado 98
    '&'             deslocar, e ir ao estado 99
    '*'             deslocar, e ir ao estado 100
    '+'             deslocar, e ir ao estado 101
    '-'             deslocar, e ir ao estado 102
    '~'             deslocar, e ir ao estado 103
    '!'             deslocar, e ir ao estado 104

    primary_expression         ir ao estado 107
    postfix_expression         ir ao estado 108
    unary_expression           ir ao estado 146
    unary_operator             ir ao estado 110
    cast_expression            ir ao estado 111
    multiplicative_expression  ir ao estado 112
    additive_expression        ir ao estado 113
    shift_expression           ir ao estado 114
    relational_expression      ir ao estado 115
    equality_expression        ir ao estado 116
    and_expression             ir ao estado 117
    exclusive_or_expression    ir ao estado 118
    inclusive_or_expression    ir ao estado 119
    logical_and_expression     ir ao estado 120
    logical_or_expression      ir ao estado 121
    conditional_expression     ir ao estado 147
    constant_expression        ir ao estado 249


Estado 163

  111 struct_declaration: specifier_qualifier_list struct_declarator_list • ';'
  117 struct_declarator_list: struct_declarator_list • ',' struct_declarator

    ','  deslocar, e ir ao estado 250
    ';'  deslocar, e ir ao estado 251


Estado 164

  116 struct_declarator_list: struct_declarator •

    $padrão  reduzir usando a regra 116 (struct_declarator_list)


Estado 165

  118 struct_declarator: declarator •
  120                  | declarator • ':' constant_expression

    ':'  deslocar, e ir ao estado 252

    $padrão  reduzir usando a regra 118 (struct_declarator)


Estado 166

  114 specifier_qualifier_list: type_qualifier specifier_qualifier_list •

    $padrão  reduzir usando a regra 114 (specifier_qualifier_list)


Estado 167

  179 labeled_statement: IDENTIFIER ':' • statement

    IDENTIFIER      deslocar, e ir ao estado 81
    CONSTANT        deslocar, e ir ao estado 82
    STRING_LITERAL  deslocar, e ir ao estado 83
    SIZEOF          deslocar, e ir ao estado 84
    INC_OP          deslocar, e ir ao estado 85
    DEC_OP          deslocar, e ir ao estado 86
    CASE            deslocar, e ir ao estado 87
    DEFAULT         deslocar, e ir ao estado 88
    IF              deslocar, e ir ao estado 89
    SWITCH          deslocar, e ir ao estado 90
    WHILE           deslocar, e ir ao estado 91
    DO              deslocar, e ir ao estado 92
    FOR             deslocar, e ir ao estado 93
    GOTO            deslocar, e ir ao estado 94
    CONTINUE        deslocar, e ir ao estado 95
    BREAK           deslocar, e ir ao estado 96
    RETURN          deslocar, e ir ao estado 97
    '('             deslocar, e ir ao estado 98
    '&'             deslocar, e ir ao estado 99
    '*'             deslocar, e ir ao estado 100
    '+'             deslocar, e ir ao estado 101
    '-'             deslocar, e ir ao estado 102
    '~'             deslocar, e ir ao estado 103
    '!'             deslocar, e ir ao estado 104
    ';'             deslocar, e ir ao estado 105
    '{'             deslocar, e ir ao estado 53

    primary_expression         ir ao estado 107
    postfix_expression         ir ao estado 108
    unary_expression           ir ao estado 109
    unary_operator             ir ao estado 110
    cast_expression            ir ao estado 111
    multiplicative_expression  ir ao estado 112
    additive_expression        ir ao estado 113
    shift_expression           ir ao estado 114
    relational_expression      ir ao estado 115
    equality_expression        ir ao estado 116
    and_expression             ir ao estado 117
    exclusive_or_expression    ir ao estado 118
    inclusive_or_expression    ir ao estado 119
    logical_and_expression     ir ao estado 120
    logical_or_expression      ir ao estado 121
    conditional_expression     ir ao estado 122
    assignment_expression      ir ao estado 123
    expression                 ir ao estado 124
    statement                  ir ao estado 253
    labeled_statement          ir ao estado 126
    compound_statement         ir ao estado 127
    expression_statement       ir ao estado 130
    selection_statement        ir ao estado 131
    iteration_statement        ir ao estado 132
    jump_statement             ir ao estado 133


Estado 168

    4 primary_expression: '(' • expression ')'
   20 unary_expression: SIZEOF '(' • type_name ')'

    IDENTIFIER      deslocar, e ir ao estado 144
    CONSTANT        deslocar, e ir ao estado 82
    STRING_LITERAL  deslocar, e ir ao estado 83
    SIZEOF          deslocar, e ir ao estado 84
    INC_OP          deslocar, e ir ao estado 85
    DEC_OP          deslocar, e ir ao estado 86
    TYPE_NAME       deslocar, e ir ao estado 2
    CHAR            deslocar, e ir ao estado 8
    SHORT           deslocar, e ir ao estado 9
    INT             deslocar, e ir ao estado 10
    LONG            deslocar, e ir ao estado 11
    SIGNED          deslocar, e ir ao estado 12
    UNSIGNED        deslocar, e ir ao estado 13
    FLOAT           deslocar, e ir ao estado 14
    DOUBLE          deslocar, e ir ao estado 15
    CONST           deslocar, e ir ao estado 16
    VOLATILE        deslocar, e ir ao estado 17
    VOID            deslocar, e ir ao estado 18
    STRUCT          deslocar, e ir ao estado 19
    UNION           deslocar, e ir ao estado 20
    ENUM            deslocar, e ir ao estado 21
    '('             deslocar, e ir ao estado 98
    '&'             deslocar, e ir ao estado 99
    '*'             deslocar, e ir ao estado 100
    '+'             deslocar, e ir ao estado 101
    '-'             deslocar, e ir ao estado 102
    '~'             deslocar, e ir ao estado 103
    '!'             deslocar, e ir ao estado 104

    primary_expression         ir ao estado 107
    postfix_expression         ir ao estado 108
    unary_expression           ir ao estado 109
    unary_operator             ir ao estado 110
    cast_expression            ir ao estado 111
    multiplicative_expression  ir ao estado 112
    additive_expression        ir ao estado 113
    shift_expression           ir ao estado 114
    relational_expression      ir ao estado 115
    equality_expression        ir ao estado 116
    and_expression             ir ao estado 117
    exclusive_or_expression    ir ao estado 118
    inclusive_or_expression    ir ao estado 119
    logical_and_expression     ir ao estado 120
    logical_or_expression      ir ao estado 121
    conditional_expression     ir ao estado 122
    assignment_expression      ir ao estado 123
    expression                 ir ao estado 185
    type_specifier             ir ao estado 76
    struct_or_union_specifier  ir ao estado 28
    struct_or_union            ir ao estado 29
    specifier_qualifier_list   ir ao estado 186
    enum_specifier             ir ao estado 30
    type_qualifier             ir ao estado 80
    type_name                  ir ao estado 254


Estado 169

   19 unary_expression: SIZEOF unary_expression •

    $padrão  reduzir usando a regra 19 (unary_expression)


Estado 170

    4 primary_expression: '(' • expression ')'

    IDENTIFIER      deslocar, e ir ao estado 144
    CONSTANT        deslocar, e ir ao estado 82
    STRING_LITERAL  deslocar, e ir ao estado 83
    SIZEOF          deslocar, e ir ao estado 84
    INC_OP          deslocar, e ir ao estado 85
    DEC_OP          deslocar, e ir ao estado 86
    '('             deslocar, e ir ao estado 98
    '&'             deslocar, e ir ao estado 99
    '*'             deslocar, e ir ao estado 100
    '+'             deslocar, e ir ao estado 101
    '-'             deslocar, e ir ao estado 102
    '~'             deslocar, e ir ao estado 103
    '!'             deslocar, e ir ao estado 104

    primary_expression         ir ao estado 107
    postfix_expression         ir ao estado 108
    unary_expression           ir ao estado 109
    unary_operator             ir ao estado 110
    cast_expression            ir ao estado 111
    multiplicative_expression  ir ao estado 112
    additive_expression        ir ao estado 113
    shift_expression           ir ao estado 114
    relational_expression      ir ao estado 115
    equality_expression        ir ao estado 116
    and_expression             ir ao estado 117
    exclusive_or_expression    ir ao estado 118
    inclusive_or_expression    ir ao estado 119
    logical_and_expression     ir ao estado 120
    logical_or_expression      ir ao estado 121
    conditional_expression     ir ao estado 122
    assignment_expression      ir ao estado 123
    expression                 ir ao estado 185


Estado 171

   16 unary_expression: INC_OP unary_expression •

    $padrão  reduzir usando a regra 16 (unary_expression)


Estado 172

   17 unary_expression: DEC_OP unary_expression •

    $padrão  reduzir usando a regra 17 (unary_expression)


Estado 173

  180 labeled_statement: CASE constant_expression • ':' statement

    ':'  deslocar, e ir ao estado 255


Estado 174

  181 labeled_statement: DEFAULT ':' • statement

    IDENTIFIER      deslocar, e ir ao estado 81
    CONSTANT        deslocar, e ir ao estado 82
    STRING_LITERAL  deslocar, e ir ao estado 83
    SIZEOF          deslocar, e ir ao estado 84
    INC_OP          deslocar, e ir ao estado 85
    DEC_OP          deslocar, e ir ao estado 86
    CASE            deslocar, e ir ao estado 87
    DEFAULT         deslocar, e ir ao estado 88
    IF              deslocar, e ir ao estado 89
    SWITCH          deslocar, e ir ao estado 90
    WHILE           deslocar, e ir ao estado 91
    DO              deslocar, e ir ao estado 92
    FOR             deslocar, e ir ao estado 93
    GOTO            deslocar, e ir ao estado 94
    CONTINUE        deslocar, e ir ao estado 95
    BREAK           deslocar, e ir ao estado 96
    RETURN          deslocar, e ir ao estado 97
    '('             deslocar, e ir ao estado 98
    '&'             deslocar, e ir ao estado 99
    '*'             deslocar, e ir ao estado 100
    '+'             deslocar, e ir ao estado 101
    '-'             deslocar, e ir ao estado 102
    '~'             deslocar, e ir ao estado 103
    '!'             deslocar, e ir ao estado 104
    ';'             deslocar, e ir ao estado 105
    '{'             deslocar, e ir ao estado 53

    primary_expression         ir ao estado 107
    postfix_expression         ir ao estado 108
    unary_expression           ir ao estado 109
    unary_operator             ir ao estado 110
    cast_expression            ir ao estado 111
    multiplicative_expression  ir ao estado 112
    additive_expression        ir ao estado 113
    shift_expression           ir ao estado 114
    relational_expression      ir ao estado 115
    equality_expression        ir ao estado 116
    and_expression             ir ao estado 117
    exclusive_or_expression    ir ao estado 118
    inclusive_or_expression    ir ao estado 119
    logical_and_expression     ir ao estado 120
    logical_or_expression      ir ao estado 121
    conditional_expression     ir ao estado 122
    assignment_expression      ir ao estado 123
    expression                 ir ao estado 124
    statement                  ir ao estado 256
    labeled_statement          ir ao estado 126
    compound_statement         ir ao estado 127
    expression_statement       ir ao estado 130
    selection_statement        ir ao estado 131
    iteration_statement        ir ao estado 132
    jump_statement             ir ao estado 133


Estado 175

  192 selection_statement: IF '(' • expression ')' statement
  193                    | IF '(' • expression ')' statement ELSE statement

    IDENTIFIER      deslocar, e ir ao estado 144
    CONSTANT        deslocar, e ir ao estado 82
    STRING_LITERAL  deslocar, e ir ao estado 83
    SIZEOF          deslocar, e ir ao estado 84
    INC_OP          deslocar, e ir ao estado 85
    DEC_OP          deslocar, e ir ao estado 86
    '('             deslocar, e ir ao estado 98
    '&'             deslocar, e ir ao estado 99
    '*'             deslocar, e ir ao estado 100
    '+'             deslocar, e ir ao estado 101
    '-'             deslocar, e ir ao estado 102
    '~'             deslocar, e ir ao estado 103
    '!'             deslocar, e ir ao estado 104

    primary_expression         ir ao estado 107
    postfix_expression         ir ao estado 108
    unary_expression           ir ao estado 109
    unary_operator             ir ao estado 110
    cast_expression            ir ao estado 111
    multiplicative_expression  ir ao estado 112
    additive_expression        ir ao estado 113
    shift_expression           ir ao estado 114
    relational_expression      ir ao estado 115
    equality_expression        ir ao estado 116
    and_expression             ir ao estado 117
    exclusive_or_expression    ir ao estado 118
    inclusive_or_expression    ir ao estado 119
    logical_and_expression     ir ao estado 120
    logical_or_expression      ir ao estado 121
    conditional_expression     ir ao estado 122
    assignment_expression      ir ao estado 123
    expression                 ir ao estado 257


Estado 176

  194 selection_statement: SWITCH '(' • expression ')' statement

    IDENTIFIER      deslocar, e ir ao estado 144
    CONSTANT        deslocar, e ir ao estado 82
    STRING_LITERAL  deslocar, e ir ao estado 83
    SIZEOF          deslocar, e ir ao estado 84
    INC_OP          deslocar, e ir ao estado 85
    DEC_OP          deslocar, e ir ao estado 86
    '('             deslocar, e ir ao estado 98
    '&'             deslocar, e ir ao estado 99
    '*'             deslocar, e ir ao estado 100
    '+'             deslocar, e ir ao estado 101
    '-'             deslocar, e ir ao estado 102
    '~'             deslocar, e ir ao estado 103
    '!'             deslocar, e ir ao estado 104

    primary_expression         ir ao estado 107
    postfix_expression         ir ao estado 108
    unary_expression           ir ao estado 109
    unary_operator             ir ao estado 110
    cast_expression            ir ao estado 111
    multiplicative_expression  ir ao estado 112
    additive_expression        ir ao estado 113
    shift_expression           ir ao estado 114
    relational_expression      ir ao estado 115
    equality_expression        ir ao estado 116
    and_expression             ir ao estado 117
    exclusive_or_expression    ir ao estado 118
    inclusive_or_expression    ir ao estado 119
    logical_and_expression     ir ao estado 120
    logical_or_expression      ir ao estado 121
    conditional_expression     ir ao estado 122
    assignment_expression      ir ao estado 123
    expression                 ir ao estado 258


Estado 177

  195 iteration_statement: WHILE '(' • expression ')' statement

    IDENTIFIER      deslocar, e ir ao estado 144
    CONSTANT        deslocar, e ir ao estado 82
    STRING_LITERAL  deslocar, e ir ao estado 83
    SIZEOF          deslocar, e ir ao estado 84
    INC_OP          deslocar, e ir ao estado 85
    DEC_OP          deslocar, e ir ao estado 86
    '('             deslocar, e ir ao estado 98
    '&'             deslocar, e ir ao estado 99
    '*'             deslocar, e ir ao estado 100
    '+'             deslocar, e ir ao estado 101
    '-'             deslocar, e ir ao estado 102
    '~'             deslocar, e ir ao estado 103
    '!'             deslocar, e ir ao estado 104

    primary_expression         ir ao estado 107
    postfix_expression         ir ao estado 108
    unary_expression           ir ao estado 109
    unary_operator             ir ao estado 110
    cast_expression            ir ao estado 111
    multiplicative_expression  ir ao estado 112
    additive_expression        ir ao estado 113
    shift_expression           ir ao estado 114
    relational_expression      ir ao estado 115
    equality_expression        ir ao estado 116
    and_expression             ir ao estado 117
    exclusive_or_expression    ir ao estado 118
    inclusive_or_expression    ir ao estado 119
    logical_and_expression     ir ao estado 120
    logical_or_expression      ir ao estado 121
    conditional_expression     ir ao estado 122
    assignment_expression      ir ao estado 123
    expression                 ir ao estado 259


Estado 178

  196 iteration_statement: DO statement • WHILE '(' expression ')' ';'

    WHILE  deslocar, e ir ao estado 260


Estado 179

  197 iteration_statement: FOR '(' • expression_statement expression_statement ')' statement
  198                    | FOR '(' • expression_statement expression_statement expression ')' statement

    IDENTIFIER      deslocar, e ir ao estado 144
    CONSTANT        deslocar, e ir ao estado 82
    STRING_LITERAL  deslocar, e ir ao estado 83
    SIZEOF          deslocar, e ir ao estado 84
    INC_OP          deslocar, e ir ao estado 85
    DEC_OP          deslocar, e ir ao estado 86
    '('             deslocar, e ir ao estado 98
    '&'             deslocar, e ir ao estado 99
    '*'             deslocar, e ir ao estado 100
    '+'             deslocar, e ir ao estado 101
    '-'             deslocar, e ir ao estado 102
    '~'             deslocar, e ir ao estado 103
    '!'             deslocar, e ir ao estado 104
    ';'             deslocar, e ir ao estado 105

    primary_expression         ir ao estado 107
    postfix_expression         ir ao estado 108
    unary_expression           ir ao estado 109
    unary_operator             ir ao estado 110
    cast_expression            ir ao estado 111
    multiplicative_expression  ir ao estado 112
    additive_expression        ir ao estado 113
    shift_expression           ir ao estado 114
    relational_expression      ir ao estado 115
    equality_expression        ir ao estado 116
    and_expression             ir ao estado 117
    exclusive_or_expression    ir ao estado 118
    inclusive_or_expression    ir ao estado 119
    logical_and_expression     ir ao estado 120
    logical_or_expression      ir ao estado 121
    conditional_expression     ir ao estado 122
    assignment_expression      ir ao estado 123
    expression                 ir ao estado 124
    expression_statement       ir ao estado 261


Estado 180

  199 jump_statement: GOTO IDENTIFIER • ';'

    ';'  deslocar, e ir ao estado 262


Estado 181

  200 jump_statement: CONTINUE ';' •

    $padrão  reduzir usando a regra 200 (jump_statement)


Estado 182

  201 jump_statement: BREAK ';' •

    $padrão  reduzir usando a regra 201 (jump_statement)


Estado 183

  202 jump_statement: RETURN ';' •

    $padrão  reduzir usando a regra 202 (jump_statement)


Estado 184

   73 expression: expression • ',' assignment_expression
  203 jump_statement: RETURN expression • ';'

    ','  deslocar, e ir ao estado 226
    ';'  deslocar, e ir ao estado 263


Estado 185

    4 primary_expression: '(' expression • ')'
   73 expression: expression • ',' assignment_expression

    ')'  deslocar, e ir ao estado 264
    ','  deslocar, e ir ao estado 226


Estado 186

  154 type_name: specifier_qualifier_list •
  155          | specifier_qualifier_list • abstract_declarator

    '('  deslocar, e ir ao estado 265
    '['  deslocar, e ir ao estado 233
    '*'  deslocar, e ir ao estado 23

    $padrão  reduzir usando a regra 154 (type_name)

    pointer                     ir ao estado 266
    abstract_declarator         ir ao estado 267
    direct_abstract_declarator  ir ao estado 237


Estado 187

   28 cast_expression: '(' type_name • ')' cast_expression

    ')'  deslocar, e ir ao estado 268


Estado 188

   10 postfix_expression: postfix_expression PTR_OP • IDENTIFIER

    IDENTIFIER  deslocar, e ir ao estado 269


Estado 189

   11 postfix_expression: postfix_expression INC_OP •

    $padrão  reduzir usando a regra 11 (postfix_expression)


Estado 190

   12 postfix_expression: postfix_expression DEC_OP •

    $padrão  reduzir usando a regra 12 (postfix_expression)


Estado 191

    7 postfix_expression: postfix_expression '(' • ')'
    8                   | postfix_expression '(' • argument_expression_list ')'

    IDENTIFIER      deslocar, e ir ao estado 144
    CONSTANT        deslocar, e ir ao estado 82
    STRING_LITERAL  deslocar, e ir ao estado 83
    SIZEOF          deslocar, e ir ao estado 84
    INC_OP          deslocar, e ir ao estado 85
    DEC_OP          deslocar, e ir ao estado 86
    '('             deslocar, e ir ao estado 98
    ')'             deslocar, e ir ao estado 270
    '&'             deslocar, e ir ao estado 99
    '*'             deslocar, e ir ao estado 100
    '+'             deslocar, e ir ao estado 101
    '-'             deslocar, e ir ao estado 102
    '~'             deslocar, e ir ao estado 103
    '!'             deslocar, e ir ao estado 104

    primary_expression         ir ao estado 107
    postfix_expression         ir ao estado 108
    argument_expression_list   ir ao estado 271
    unary_expression           ir ao estado 109
    unary_operator             ir ao estado 110
    cast_expression            ir ao estado 111
    multiplicative_expression  ir ao estado 112
    additive_expression        ir ao estado 113
    shift_expression           ir ao estado 114
    relational_expression      ir ao estado 115
    equality_expression        ir ao estado 116
    and_expression             ir ao estado 117
    exclusive_or_expression    ir ao estado 118
    inclusive_or_expression    ir ao estado 119
    logical_and_expression     ir ao estado 120
    logical_or_expression      ir ao estado 121
    conditional_expression     ir ao estado 122
    assignment_expression      ir ao estado 272


Estado 192

    6 postfix_expression: postfix_expression '[' • expression ']'

    IDENTIFIER      deslocar, e ir ao estado 144
    CONSTANT        deslocar, e ir ao estado 82
    STRING_LITERAL  deslocar, e ir ao estado 83
    SIZEOF          deslocar, e ir ao estado 84
    INC_OP          deslocar, e ir ao estado 85
    DEC_OP          deslocar, e ir ao estado 86
    '('             deslocar, e ir ao estado 98
    '&'             deslocar, e ir ao estado 99
    '*'             deslocar, e ir ao estado 100
    '+'             deslocar, e ir ao estado 101
    '-'             deslocar, e ir ao estado 102
    '~'             deslocar, e ir ao estado 103
    '!'             deslocar, e ir ao estado 104

    primary_expression         ir ao estado 107
    postfix_expression         ir ao estado 108
    unary_expression           ir ao estado 109
    unary_operator             ir ao estado 110
    cast_expression            ir ao estado 111
    multiplicative_expression  ir ao estado 112
    additive_expression        ir ao estado 113
    shift_expression           ir ao estado 114
    relational_expression      ir ao estado 115
    equality_expression        ir ao estado 116
    and_expression             ir ao estado 117
    exclusive_or_expression    ir ao estado 118
    inclusive_or_expression    ir ao estado 119
    logical_and_expression     ir ao estado 120
    logical_or_expression      ir ao estado 121
    conditional_expression     ir ao estado 122
    assignment_expression      ir ao estado 123
    expression                 ir ao estado 273


Estado 193

    9 postfix_expression: postfix_expression '.' • IDENTIFIER

    IDENTIFIER  deslocar, e ir ao estado 274


Estado 194

   62 assignment_operator: MUL_ASSIGN •

    $padrão  reduzir usando a regra 62 (assignment_operator)


Estado 195

   63 assignment_operator: DIV_ASSIGN •

    $padrão  reduzir usando a regra 63 (assignment_operator)


Estado 196

   64 assignment_operator: MOD_ASSIGN •

    $padrão  reduzir usando a regra 64 (assignment_operator)


Estado 197

   65 assignment_operator: ADD_ASSIGN •

    $padrão  reduzir usando a regra 65 (assignment_operator)


Estado 198

   66 assignment_operator: SUB_ASSIGN •

    $padrão  reduzir usando a regra 66 (assignment_operator)


Estado 199

   67 assignment_operator: LEFT_ASSIGN •

    $padrão  reduzir usando a regra 67 (assignment_operator)


Estado 200

   68 assignment_operator: RIGHT_ASSIGN •

    $padrão  reduzir usando a regra 68 (assignment_operator)


Estado 201

   69 assignment_operator: AND_ASSIGN •

    $padrão  reduzir usando a regra 69 (assignment_operator)


Estado 202

   70 assignment_operator: XOR_ASSIGN •

    $padrão  reduzir usando a regra 70 (assignment_operator)


Estado 203

   71 assignment_operator: OR_ASSIGN •

    $padrão  reduzir usando a regra 71 (assignment_operator)


Estado 204

   61 assignment_operator: '=' •

    $padrão  reduzir usando a regra 61 (assignment_operator)


Estado 205

   60 assignment_expression: unary_expression assignment_operator • assignment_expression

    IDENTIFIER      deslocar, e ir ao estado 144
    CONSTANT        deslocar, e ir ao estado 82
    STRING_LITERAL  deslocar, e ir ao estado 83
    SIZEOF          deslocar, e ir ao estado 84
    INC_OP          deslocar, e ir ao estado 85
    DEC_OP          deslocar, e ir ao estado 86
    '('             deslocar, e ir ao estado 98
    '&'             deslocar, e ir ao estado 99
    '*'             deslocar, e ir ao estado 100
    '+'             deslocar, e ir ao estado 101
    '-'             deslocar, e ir ao estado 102
    '~'             deslocar, e ir ao estado 103
    '!'             deslocar, e ir ao estado 104

    primary_expression         ir ao estado 107
    postfix_expression         ir ao estado 108
    unary_expression           ir ao estado 109
    unary_operator             ir ao estado 110
    cast_expression            ir ao estado 111
    multiplicative_expression  ir ao estado 112
    additive_expression        ir ao estado 113
    shift_expression           ir ao estado 114
    relational_expression      ir ao estado 115
    equality_expression        ir ao estado 116
    and_expression             ir ao estado 117
    exclusive_or_expression    ir ao estado 118
    inclusive_or_expression    ir ao estado 119
    logical_and_expression     ir ao estado 120
    logical_or_expression      ir ao estado 121
    conditional_expression     ir ao estado 122
    assignment_expression      ir ao estado 275


Estado 206

   18 unary_expression: unary_operator cast_expression •

    $padrão  reduzir usando a regra 18 (unary_expression)


Estado 207

   30 multiplicative_expression: multiplicative_expression '*' • cast_expression

    IDENTIFIER      deslocar, e ir ao estado 144
    CONSTANT        deslocar, e ir ao estado 82
    STRING_LITERAL  deslocar, e ir ao estado 83
    SIZEOF          deslocar, e ir ao estado 84
    INC_OP          deslocar, e ir ao estado 85
    DEC_OP          deslocar, e ir ao estado 86
    '('             deslocar, e ir ao estado 98
    '&'             deslocar, e ir ao estado 99
    '*'             deslocar, e ir ao estado 100
    '+'             deslocar, e ir ao estado 101
    '-'             deslocar, e ir ao estado 102
    '~'             deslocar, e ir ao estado 103
    '!'             deslocar, e ir ao estado 104

    primary_expression  ir ao estado 107
    postfix_expression  ir ao estado 108
    unary_expression    ir ao estado 146
    unary_operator      ir ao estado 110
    cast_expression     ir ao estado 276


Estado 208

   31 multiplicative_expression: multiplicative_expression '/' • cast_expression

    IDENTIFIER      deslocar, e ir ao estado 144
    CONSTANT        deslocar, e ir ao estado 82
    STRING_LITERAL  deslocar, e ir ao estado 83
    SIZEOF          deslocar, e ir ao estado 84
    INC_OP          deslocar, e ir ao estado 85
    DEC_OP          deslocar, e ir ao estado 86
    '('             deslocar, e ir ao estado 98
    '&'             deslocar, e ir ao estado 99
    '*'             deslocar, e ir ao estado 100
    '+'             deslocar, e ir ao estado 101
    '-'             deslocar, e ir ao estado 102
    '~'             deslocar, e ir ao estado 103
    '!'             deslocar, e ir ao estado 104

    primary_expression  ir ao estado 107
    postfix_expression  ir ao estado 108
    unary_expression    ir ao estado 146
    unary_operator      ir ao estado 110
    cast_expression     ir ao estado 277


Estado 209

   32 multiplicative_expression: multiplicative_expression '%' • cast_expression

    IDENTIFIER      deslocar, e ir ao estado 144
    CONSTANT        deslocar, e ir ao estado 82
    STRING_LITERAL  deslocar, e ir ao estado 83
    SIZEOF          deslocar, e ir ao estado 84
    INC_OP          deslocar, e ir ao estado 85
    DEC_OP          deslocar, e ir ao estado 86
    '('             deslocar, e ir ao estado 98
    '&'             deslocar, e ir ao estado 99
    '*'             deslocar, e ir ao estado 100
    '+'             deslocar, e ir ao estado 101
    '-'             deslocar, e ir ao estado 102
    '~'             deslocar, e ir ao estado 103
    '!'             deslocar, e ir ao estado 104

    primary_expression  ir ao estado 107
    postfix_expression  ir ao estado 108
    unary_expression    ir ao estado 146
    unary_operator      ir ao estado 110
    cast_expression     ir ao estado 278


Estado 210

   34 additive_expression: additive_expression '+' • multiplicative_expression

    IDENTIFIER      deslocar, e ir ao estado 144
    CONSTANT        deslocar, e ir ao estado 82
    STRING_LITERAL  deslocar, e ir ao estado 83
    SIZEOF          deslocar, e ir ao estado 84
    INC_OP          deslocar, e ir ao estado 85
    DEC_OP          deslocar, e ir ao estado 86
    '('             deslocar, e ir ao estado 98
    '&'             deslocar, e ir ao estado 99
    '*'             deslocar, e ir ao estado 100
    '+'             deslocar, e ir ao estado 101
    '-'             deslocar, e ir ao estado 102
    '~'             deslocar, e ir ao estado 103
    '!'             deslocar, e ir ao estado 104

    primary_expression         ir ao estado 107
    postfix_expression         ir ao estado 108
    unary_expression           ir ao estado 146
    unary_operator             ir ao estado 110
    cast_expression            ir ao estado 111
    multiplicative_expression  ir ao estado 279


Estado 211

   35 additive_expression: additive_expression '-' • multiplicative_expression

    IDENTIFIER      deslocar, e ir ao estado 144
    CONSTANT        deslocar, e ir ao estado 82
    STRING_LITERAL  deslocar, e ir ao estado 83
    SIZEOF          deslocar, e ir ao estado 84
    INC_OP          deslocar, e ir ao estado 85
    DEC_OP          deslocar, e ir ao estado 86
    '('             deslocar, e ir ao estado 98
    '&'             deslocar, e ir ao estado 99
    '*'             deslocar, e ir ao estado 100
    '+'             deslocar, e ir ao estado 101
    '-'             deslocar, e ir ao estado 102
    '~'             deslocar, e ir ao estado 103
    '!'             deslocar, e ir ao estado 104

    primary_expression         ir ao estado 107
    postfix_expression         ir ao estado 108
    unary_expression           ir ao estado 146
    unary_operator             ir ao estado 110
    cast_expression            ir ao estado 111
    multiplicative_expression  ir ao estado 280


Estado 212

   37 shift_expression: shift_expression LEFT_OP • additive_expression

    IDENTIFIER      deslocar, e ir ao estado 144
    CONSTANT        deslocar, e ir ao estado 82
    STRING_LITERAL  deslocar, e ir ao estado 83
    SIZEOF          deslocar, e ir ao estado 84
    INC_OP          deslocar, e ir ao estado 85
    DEC_OP          deslocar, e ir ao estado 86
    '('             deslocar, e ir ao estado 98
    '&'             deslocar, e ir ao estado 99
    '*'             deslocar, e ir ao estado 100
    '+'             deslocar, e ir ao estado 101
    '-'             deslocar, e ir ao estado 102
    '~'             deslocar, e ir ao estado 103
    '!'             deslocar, e ir ao estado 104

    primary_expression         ir ao estado 107
    postfix_expression         ir ao estado 108
    unary_expression           ir ao estado 146
    unary_operator             ir ao estado 110
    cast_expression            ir ao estado 111
    multiplicative_expression  ir ao estado 112
    additive_expression        ir ao estado 281


Estado 213

   38 shift_expression: shift_expression RIGHT_OP • additive_expression

    IDENTIFIER      deslocar, e ir ao estado 144
    CONSTANT        deslocar, e ir ao estado 82
    STRING_LITERAL  deslocar, e ir ao estado 83
    SIZEOF          deslocar, e ir ao estado 84
    INC_OP          deslocar, e ir ao estado 85
    DEC_OP          deslocar, e ir ao estado 86
    '('             deslocar, e ir ao estado 98
    '&'             deslocar, e ir ao estado 99
    '*'             deslocar, e ir ao estado 100
    '+'             deslocar, e ir ao estado 101
    '-'             deslocar, e ir ao estado 102
    '~'             deslocar, e ir ao estado 103
    '!'             deslocar, e ir ao estado 104

    primary_expression         ir ao estado 107
    postfix_expression         ir ao estado 108
    unary_expression           ir ao estado 146
    unary_operator             ir ao estado 110
    cast_expression            ir ao estado 111
    multiplicative_expression  ir ao estado 112
    additive_expression        ir ao estado 282


Estado 214

   42 relational_expression: relational_expression LE_OP • shift_expression

    IDENTIFIER      deslocar, e ir ao estado 144
    CONSTANT        deslocar, e ir ao estado 82
    STRING_LITERAL  deslocar, e ir ao estado 83
    SIZEOF          deslocar, e ir ao estado 84
    INC_OP          deslocar, e ir ao estado 85
    DEC_OP          deslocar, e ir ao estado 86
    '('             deslocar, e ir ao estado 98
    '&'             deslocar, e ir ao estado 99
    '*'             deslocar, e ir ao estado 100
    '+'             deslocar, e ir ao estado 101
    '-'             deslocar, e ir ao estado 102
    '~'             deslocar, e ir ao estado 103
    '!'             deslocar, e ir ao estado 104

    primary_expression         ir ao estado 107
    postfix_expression         ir ao estado 108
    unary_expression           ir ao estado 146
    unary_operator             ir ao estado 110
    cast_expression            ir ao estado 111
    multiplicative_expression  ir ao estado 112
    additive_expression        ir ao estado 113
    shift_expression           ir ao estado 283


Estado 215

   43 relational_expression: relational_expression GE_OP • shift_expression

    IDENTIFIER      deslocar, e ir ao estado 144
    CONSTANT        deslocar, e ir ao estado 82
    STRING_LITERAL  deslocar, e ir ao estado 83
    SIZEOF          deslocar, e ir ao estado 84
    INC_OP          deslocar, e ir ao estado 85
    DEC_OP          deslocar, e ir ao estado 86
    '('             deslocar, e ir ao estado 98
    '&'             deslocar, e ir ao estado 99
    '*'             deslocar, e ir ao estado 100
    '+'             deslocar, e ir ao estado 101
    '-'             deslocar, e ir ao estado 102
    '~'             deslocar, e ir ao estado 103
    '!'             deslocar, e ir ao estado 104

    primary_expression         ir ao estado 107
    postfix_expression         ir ao estado 108
    unary_expression           ir ao estado 146
    unary_operator             ir ao estado 110
    cast_expression            ir ao estado 111
    multiplicative_expression  ir ao estado 112
    additive_expression        ir ao estado 113
    shift_expression           ir ao estado 284


Estado 216

   40 relational_expression: relational_expression '<' • shift_expression

    IDENTIFIER      deslocar, e ir ao estado 144
    CONSTANT        deslocar, e ir ao estado 82
    STRING_LITERAL  deslocar, e ir ao estado 83
    SIZEOF          deslocar, e ir ao estado 84
    INC_OP          deslocar, e ir ao estado 85
    DEC_OP          deslocar, e ir ao estado 86
    '('             deslocar, e ir ao estado 98
    '&'             deslocar, e ir ao estado 99
    '*'             deslocar, e ir ao estado 100
    '+'             deslocar, e ir ao estado 101
    '-'             deslocar, e ir ao estado 102
    '~'             deslocar, e ir ao estado 103
    '!'             deslocar, e ir ao estado 104

    primary_expression         ir ao estado 107
    postfix_expression         ir ao estado 108
    unary_expression           ir ao estado 146
    unary_operator             ir ao estado 110
    cast_expression            ir ao estado 111
    multiplicative_expression  ir ao estado 112
    additive_expression        ir ao estado 113
    shift_expression           ir ao estado 285


Estado 217

   41 relational_expression: relational_expression '>' • shift_expression

    IDENTIFIER      deslocar, e ir ao estado 144
    CONSTANT        deslocar, e ir ao estado 82
    STRING_LITERAL  deslocar, e ir ao estado 83
    SIZEOF          deslocar, e ir ao estado 84
    INC_OP          deslocar, e ir ao estado 85
    DEC_OP          deslocar, e ir ao estado 86
    '('             deslocar, e ir ao estado 98
    '&'             deslocar, e ir ao estado 99
    '*'             deslocar, e ir ao estado 100
    '+'             deslocar, e ir ao estado 101
    '-'             deslocar, e ir ao estado 102
    '~'             deslocar, e ir ao estado 103
    '!'             deslocar, e ir ao estado 104

    primary_expression         ir ao estado 107
    postfix_expression         ir ao estado 108
    unary_expression           ir ao estado 146
    unary_operator             ir ao estado 110
    cast_expression            ir ao estado 111
    multiplicative_expression  ir ao estado 112
    additive_expression        ir ao estado 113
    shift_expression           ir ao estado 286


Estado 218

   45 equality_expression: equality_expression EQ_OP • relational_expression

    IDENTIFIER      deslocar, e ir ao estado 144
    CONSTANT        deslocar, e ir ao estado 82
    STRING_LITERAL  deslocar, e ir ao estado 83
    SIZEOF          deslocar, e ir ao estado 84
    INC_OP          deslocar, e ir ao estado 85
    DEC_OP          deslocar, e ir ao estado 86
    '('             deslocar, e ir ao estado 98
    '&'             deslocar, e ir ao estado 99
    '*'             deslocar, e ir ao estado 100
    '+'             deslocar, e ir ao estado 101
    '-'             deslocar, e ir ao estado 102
    '~'             deslocar, e ir ao estado 103
    '!'             deslocar, e ir ao estado 104

    primary_expression         ir ao estado 107
    postfix_expression         ir ao estado 108
    unary_expression           ir ao estado 146
    unary_operator             ir ao estado 110
    cast_expression            ir ao estado 111
    multiplicative_expression  ir ao estado 112
    additive_expression        ir ao estado 113
    shift_expression           ir ao estado 114
    relational_expression      ir ao estado 287


Estado 219

   46 equality_expression: equality_expression NE_OP • relational_expression

    IDENTIFIER      deslocar, e ir ao estado 144
    CONSTANT        deslocar, e ir ao estado 82
    STRING_LITERAL  deslocar, e ir ao estado 83
    SIZEOF          deslocar, e ir ao estado 84
    INC_OP          deslocar, e ir ao estado 85
    DEC_OP          deslocar, e ir ao estado 86
    '('             deslocar, e ir ao estado 98
    '&'             deslocar, e ir ao estado 99
    '*'             deslocar, e ir ao estado 100
    '+'             deslocar, e ir ao estado 101
    '-'             deslocar, e ir ao estado 102
    '~'             deslocar, e ir ao estado 103
    '!'             deslocar, e ir ao estado 104

    primary_expression         ir ao estado 107
    postfix_expression         ir ao estado 108
    unary_expression           ir ao estado 146
    unary_operator             ir ao estado 110
    cast_expression            ir ao estado 111
    multiplicative_expression  ir ao estado 112
    additive_expression        ir ao estado 113
    shift_expression           ir ao estado 114
    relational_expression      ir ao estado 288


Estado 220

   48 and_expression: and_expression '&' • equality_expression

    IDENTIFIER      deslocar, e ir ao estado 144
    CONSTANT        deslocar, e ir ao estado 82
    STRING_LITERAL  deslocar, e ir ao estado 83
    SIZEOF          deslocar, e ir ao estado 84
    INC_OP          deslocar, e ir ao estado 85
    DEC_OP          deslocar, e ir ao estado 86
    '('             deslocar, e ir ao estado 98
    '&'             deslocar, e ir ao estado 99
    '*'             deslocar, e ir ao estado 100
    '+'             deslocar, e ir ao estado 101
    '-'             deslocar, e ir ao estado 102
    '~'             deslocar, e ir ao estado 103
    '!'             deslocar, e ir ao estado 104

    primary_expression         ir ao estado 107
    postfix_expression         ir ao estado 108
    unary_expression           ir ao estado 146
    unary_operator             ir ao estado 110
    cast_expression            ir ao estado 111
    multiplicative_expression  ir ao estado 112
    additive_expression        ir ao estado 113
    shift_expression           ir ao estado 114
    relational_expression      ir ao estado 115
    equality_expression        ir ao estado 289


Estado 221

   50 exclusive_or_expression: exclusive_or_expression '^' • and_expression

    IDENTIFIER      deslocar, e ir ao estado 144
    CONSTANT        deslocar, e ir ao estado 82
    STRING_LITERAL  deslocar, e ir ao estado 83
    SIZEOF          deslocar, e ir ao estado 84
    INC_OP          deslocar, e ir ao estado 85
    DEC_OP          deslocar, e ir ao estado 86
    '('             deslocar, e ir ao estado 98
    '&'             deslocar, e ir ao estado 99
    '*'             deslocar, e ir ao estado 100
    '+'             deslocar, e ir ao estado 101
    '-'             deslocar, e ir ao estado 102
    '~'             deslocar, e ir ao estado 103
    '!'             deslocar, e ir ao estado 104

    primary_expression         ir ao estado 107
    postfix_expression         ir ao estado 108
    unary_expression           ir ao estado 146
    unary_operator             ir ao estado 110
    cast_expression            ir ao estado 111
    multiplicative_expression  ir ao estado 112
    additive_expression        ir ao estado 113
    shift_expression           ir ao estado 114
    relational_expression      ir ao estado 115
    equality_expression        ir ao estado 116
    and_expression             ir ao estado 290


Estado 222

   52 inclusive_or_expression: inclusive_or_expression '|' • exclusive_or_expression

    IDENTIFIER      deslocar, e ir ao estado 144
    CONSTANT        deslocar, e ir ao estado 82
    STRING_LITERAL  deslocar, e ir ao estado 83
    SIZEOF          deslocar, e ir ao estado 84
    INC_OP          deslocar, e ir ao estado 85
    DEC_OP          deslocar, e ir ao estado 86
    '('             deslocar, e ir ao estado 98
    '&'             deslocar, e ir ao estado 99
    '*'             deslocar, e ir ao estado 100
    '+'             deslocar, e ir ao estado 101
    '-'             deslocar, e ir ao estado 102
    '~'             deslocar, e ir ao estado 103
    '!'             deslocar, e ir ao estado 104

    primary_expression         ir ao estado 107
    postfix_expression         ir ao estado 108
    unary_expression           ir ao estado 146
    unary_operator             ir ao estado 110
    cast_expression            ir ao estado 111
    multiplicative_expression  ir ao estado 112
    additive_expression        ir ao estado 113
    shift_expression           ir ao estado 114
    relational_expression      ir ao estado 115
    equality_expression        ir ao estado 116
    and_expression             ir ao estado 117
    exclusive_or_expression    ir ao estado 291


Estado 223

   54 logical_and_expression: logical_and_expression AND_OP • inclusive_or_expression

    IDENTIFIER      deslocar, e ir ao estado 144
    CONSTANT        deslocar, e ir ao estado 82
    STRING_LITERAL  deslocar, e ir ao estado 83
    SIZEOF          deslocar, e ir ao estado 84
    INC_OP          deslocar, e ir ao estado 85
    DEC_OP          deslocar, e ir ao estado 86
    '('             deslocar, e ir ao estado 98
    '&'             deslocar, e ir ao estado 99
    '*'             deslocar, e ir ao estado 100
    '+'             deslocar, e ir ao estado 101
    '-'             deslocar, e ir ao estado 102
    '~'             deslocar, e ir ao estado 103
    '!'             deslocar, e ir ao estado 104

    primary_expression         ir ao estado 107
    postfix_expression         ir ao estado 108
    unary_expression           ir ao estado 146
    unary_operator             ir ao estado 110
    cast_expression            ir ao estado 111
    multiplicative_expression  ir ao estado 112
    additive_expression        ir ao estado 113
    shift_expression           ir ao estado 114
    relational_expression      ir ao estado 115
    equality_expression        ir ao estado 116
    and_expression             ir ao estado 117
    exclusive_or_expression    ir ao estado 118
    inclusive_or_expression    ir ao estado 292


Estado 224

   56 logical_or_expression: logical_or_expression OR_OP • logical_and_expression

    IDENTIFIER      deslocar, e ir ao estado 144
    CONSTANT        deslocar, e ir ao estado 82
    STRING_LITERAL  deslocar, e ir ao estado 83
    SIZEOF          deslocar, e ir ao estado 84
    INC_OP          deslocar, e ir ao estado 85
    DEC_OP          deslocar, e ir ao estado 86
    '('             deslocar, e ir ao estado 98
    '&'             deslocar, e ir ao estado 99
    '*'             deslocar, e ir ao estado 100
    '+'             deslocar, e ir ao estado 101
    '-'             deslocar, e ir ao estado 102
    '~'             deslocar, e ir ao estado 103
    '!'             deslocar, e ir ao estado 104

    primary_expression         ir ao estado 107
    postfix_expression         ir ao estado 108
    unary_expression           ir ao estado 146
    unary_operator             ir ao estado 110
    cast_expression            ir ao estado 111
    multiplicative_expression  ir ao estado 112
    additive_expression        ir ao estado 113
    shift_expression           ir ao estado 114
    relational_expression      ir ao estado 115
    equality_expression        ir ao estado 116
    and_expression             ir ao estado 117
    exclusive_or_expression    ir ao estado 118
    inclusive_or_expression    ir ao estado 119
    logical_and_expression     ir ao estado 293


Estado 225

   58 conditional_expression: logical_or_expression '?' • expression ':' conditional_expression

    IDENTIFIER      deslocar, e ir ao estado 144
    CONSTANT        deslocar, e ir ao estado 82
    STRING_LITERAL  deslocar, e ir ao estado 83
    SIZEOF          deslocar, e ir ao estado 84
    INC_OP          deslocar, e ir ao estado 85
    DEC_OP          deslocar, e ir ao estado 86
    '('             deslocar, e ir ao estado 98
    '&'             deslocar, e ir ao estado 99
    '*'             deslocar, e ir ao estado 100
    '+'             deslocar, e ir ao estado 101
    '-'             deslocar, e ir ao estado 102
    '~'             deslocar, e ir ao estado 103
    '!'             deslocar, e ir ao estado 104

    primary_expression         ir ao estado 107
    postfix_expression         ir ao estado 108
    unary_expression           ir ao estado 109
    unary_operator             ir ao estado 110
    cast_expression            ir ao estado 111
    multiplicative_expression  ir ao estado 112
    additive_expression        ir ao estado 113
    shift_expression           ir ao estado 114
    relational_expression      ir ao estado 115
    equality_expression        ir ao estado 116
    and_expression             ir ao estado 117
    exclusive_or_expression    ir ao estado 118
    inclusive_or_expression    ir ao estado 119
    logical_and_expression     ir ao estado 120
    logical_or_expression      ir ao estado 121
    conditional_expression     ir ao estado 122
    assignment_expression      ir ao estado 123
    expression                 ir ao estado 294


Estado 226

   73 expression: expression ',' • assignment_expression

    IDENTIFIER      deslocar, e ir ao estado 144
    CONSTANT        deslocar, e ir ao estado 82
    STRING_LITERAL  deslocar, e ir ao estado 83
    SIZEOF          deslocar, e ir ao estado 84
    INC_OP          deslocar, e ir ao estado 85
    DEC_OP          deslocar, e ir ao estado 86
    '('             deslocar, e ir ao estado 98
    '&'             deslocar, e ir ao estado 99
    '*'             deslocar, e ir ao estado 100
    '+'             deslocar, e ir ao estado 101
    '-'             deslocar, e ir ao estado 102
    '~'             deslocar, e ir ao estado 103
    '!'             deslocar, e ir ao estado 104

    primary_expression         ir ao estado 107
    postfix_expression         ir ao estado 108
    unary_expression           ir ao estado 109
    unary_operator             ir ao estado 110
    cast_expression            ir ao estado 111
    multiplicative_expression  ir ao estado 112
    additive_expression        ir ao estado 113
    shift_expression           ir ao estado 114
    relational_expression      ir ao estado 115
    equality_expression        ir ao estado 116
    and_expression             ir ao estado 117
    exclusive_or_expression    ir ao estado 118
    inclusive_or_expression    ir ao estado 119
    logical_and_expression     ir ao estado 120
    logical_or_expression      ir ao estado 121
    conditional_expression     ir ao estado 122
    assignment_expression      ir ao estado 295


Estado 227

  191 expression_statement: expression ';' •

    $padrão  reduzir usando a regra 191 (expression_statement)


Estado 228

  184 compound_statement: '{' declaration_list '}' •

    $padrão  reduzir usando a regra 184 (compound_statement)


Estado 229

  185 compound_statement: '{' declaration_list statement_list • '}'
  189 statement_list: statement_list • statement

    IDENTIFIER      deslocar, e ir ao estado 81
    CONSTANT        deslocar, e ir ao estado 82
    STRING_LITERAL  deslocar, e ir ao estado 83
    SIZEOF          deslocar, e ir ao estado 84
    INC_OP          deslocar, e ir ao estado 85
    DEC_OP          deslocar, e ir ao estado 86
    CASE            deslocar, e ir ao estado 87
    DEFAULT         deslocar, e ir ao estado 88
    IF              deslocar, e ir ao estado 89
    SWITCH          deslocar, e ir ao estado 90
    WHILE           deslocar, e ir ao estado 91
    DO              deslocar, e ir ao estado 92
    FOR             deslocar, e ir ao estado 93
    GOTO            deslocar, e ir ao estado 94
    CONTINUE        deslocar, e ir ao estado 95
    BREAK           deslocar, e ir ao estado 96
    RETURN          deslocar, e ir ao estado 97
    '('             deslocar, e ir ao estado 98
    '&'             deslocar, e ir ao estado 99
    '*'             deslocar, e ir ao estado 100
    '+'             deslocar, e ir ao estado 101
    '-'             deslocar, e ir ao estado 102
    '~'             deslocar, e ir ao estado 103
    '!'             deslocar, e ir ao estado 104
    ';'             deslocar, e ir ao estado 105
    '{'             deslocar, e ir ao estado 53
    '}'             deslocar, e ir ao estado 296

    primary_expression         ir ao estado 107
    postfix_expression         ir ao estado 108
    unary_expression           ir ao estado 109
    unary_operator             ir ao estado 110
    cast_expression            ir ao estado 111
    multiplicative_expression  ir ao estado 112
    additive_expression        ir ao estado 113
    shift_expression           ir ao estado 114
    relational_expression      ir ao estado 115
    equality_expression        ir ao estado 116
    and_expression             ir ao estado 117
    exclusive_or_expression    ir ao estado 118
    inclusive_or_expression    ir ao estado 119
    logical_and_expression     ir ao estado 120
    logical_or_expression      ir ao estado 121
    conditional_expression     ir ao estado 122
    assignment_expression      ir ao estado 123
    expression                 ir ao estado 124
    statement                  ir ao estado 231
    labeled_statement          ir ao estado 126
    compound_statement         ir ao estado 127
    expression_statement       ir ao estado 130
    selection_statement        ir ao estado 131
    iteration_statement        ir ao estado 132
    jump_statement             ir ao estado 133


Estado 230

  183 compound_statement: '{' statement_list '}' •

    $padrão  reduzir usando a regra 183 (compound_statement)


Estado 231

  189 statement_list: statement_list statement •

    $padrão  reduzir usando a regra 189 (statement_list)


Estado 232

  133 direct_declarator: '(' • declarator ')'
  159 direct_abstract_declarator: '(' • abstract_declarator ')'
  164                           | '(' • ')'
  165                           | '(' • parameter_type_list ')'

    IDENTIFIER  deslocar, e ir ao estado 1
    TYPE_NAME   deslocar, e ir ao estado 2
    TYPEDEF     deslocar, e ir ao estado 3
    EXTERN      deslocar, e ir ao estado 4
    STATIC      deslocar, e ir ao estado 5
    AUTO        deslocar, e ir ao estado 6
    REGISTER    deslocar, e ir ao estado 7
    CHAR        deslocar, e ir ao estado 8
    SHORT       deslocar, e ir ao estado 9
    INT         deslocar, e ir ao estado 10
    LONG        deslocar, e ir ao estado 11
    SIGNED      deslocar, e ir ao estado 12
    UNSIGNED    deslocar, e ir ao estado 13
    FLOAT       deslocar, e ir ao estado 14
    DOUBLE      deslocar, e ir ao estado 15
    CONST       deslocar, e ir ao estado 16
    VOLATILE    deslocar, e ir ao estado 17
    VOID        deslocar, e ir ao estado 18
    STRUCT      deslocar, e ir ao estado 19
    UNION       deslocar, e ir ao estado 20
    ENUM        deslocar, e ir ao estado 21
    '('         deslocar, e ir ao estado 232
    ')'         deslocar, e ir ao estado 297
    '['         deslocar, e ir ao estado 233
    '*'         deslocar, e ir ao estado 23

    declaration_specifiers      ir ao estado 139
    storage_class_specifier     ir ao estado 26
    type_specifier              ir ao estado 27
    struct_or_union_specifier   ir ao estado 28
    struct_or_union             ir ao estado 29
    enum_specifier              ir ao estado 30
    type_qualifier              ir ao estado 31
    declarator                  ir ao estado 40
    direct_declarator           ir ao estado 33
    pointer                     ir ao estado 235
    parameter_type_list         ir ao estado 298
    parameter_list              ir ao estado 141
    parameter_declaration       ir ao estado 142
    abstract_declarator         ir ao estado 299
    direct_abstract_declarator  ir ao estado 237


Estado 233

  160 direct_abstract_declarator: '[' • ']'
  161                           | '[' • constant_expression ']'

    IDENTIFIER      deslocar, e ir ao estado 144
    CONSTANT        deslocar, e ir ao estado 82
    STRING_LITERAL  deslocar, e ir ao estado 83
    SIZEOF          deslocar, e ir ao estado 84
    INC_OP          deslocar, e ir ao estado 85
    DEC_OP          deslocar, e ir ao estado 86
    '('             deslocar, e ir ao estado 98
    ']'             deslocar, e ir ao estado 300
    '&'             deslocar, e ir ao estado 99
    '*'             deslocar, e ir ao estado 100
    '+'             deslocar, e ir ao estado 101
    '-'             deslocar, e ir ao estado 102
    '~'             deslocar, e ir ao estado 103
    '!'             deslocar, e ir ao estado 104

    primary_expression         ir ao estado 107
    postfix_expression         ir ao estado 108
    unary_expression           ir ao estado 146
    unary_operator             ir ao estado 110
    cast_expression            ir ao estado 111
    multiplicative_expression  ir ao estado 112
    additive_expression        ir ao estado 113
    shift_expression           ir ao estado 114
    relational_expression      ir ao estado 115
    equality_expression        ir ao estado 116
    and_expression             ir ao estado 117
    exclusive_or_expression    ir ao estado 118
    inclusive_or_expression    ir ao estado 119
    logical_and_expression     ir ao estado 120
    logical_or_expression      ir ao estado 121
    conditional_expression     ir ao estado 147
    constant_expression        ir ao estado 301


Estado 234

  149 parameter_declaration: declaration_specifiers declarator •

    $padrão  reduzir usando a regra 149 (parameter_declaration)


Estado 235

  130 declarator: pointer • direct_declarator
  156 abstract_declarator: pointer •
  158                    | pointer • direct_abstract_declarator

    IDENTIFIER  deslocar, e ir ao estado 1
    '('         deslocar, e ir ao estado 232
    '['         deslocar, e ir ao estado 233

    $padrão  reduzir usando a regra 156 (abstract_declarator)

    direct_declarator           ir ao estado 60
    direct_abstract_declarator  ir ao estado 302


Estado 236

  150 parameter_declaration: declaration_specifiers abstract_declarator •

    $padrão  reduzir usando a regra 150 (parameter_declaration)


Estado 237

  157 abstract_declarator: direct_abstract_declarator •
  162 direct_abstract_declarator: direct_abstract_declarator • '[' ']'
  163                           | direct_abstract_declarator • '[' constant_expression ']'
  166                           | direct_abstract_declarator • '(' ')'
  167                           | direct_abstract_declarator • '(' parameter_type_list ')'

    '('  deslocar, e ir ao estado 303
    '['  deslocar, e ir ao estado 304

    $padrão  reduzir usando a regra 157 (abstract_declarator)


Estado 238

  136 direct_declarator: direct_declarator '(' parameter_type_list ')' •

    $padrão  reduzir usando a regra 136 (direct_declarator)


Estado 239

  146 parameter_type_list: parameter_list ',' • ELLIPSIS
  148 parameter_list: parameter_list ',' • parameter_declaration

    TYPE_NAME  deslocar, e ir ao estado 2
    TYPEDEF    deslocar, e ir ao estado 3
    EXTERN     deslocar, e ir ao estado 4
    STATIC     deslocar, e ir ao estado 5
    AUTO       deslocar, e ir ao estado 6
    REGISTER   deslocar, e ir ao estado 7
    CHAR       deslocar, e ir ao estado 8
    SHORT      deslocar, e ir ao estado 9
    INT        deslocar, e ir ao estado 10
    LONG       deslocar, e ir ao estado 11
    SIGNED     deslocar, e ir ao estado 12
    UNSIGNED   deslocar, e ir ao estado 13
    FLOAT      deslocar, e ir ao estado 14
    DOUBLE     deslocar, e ir ao estado 15
    CONST      deslocar, e ir ao estado 16
    VOLATILE   deslocar, e ir ao estado 17
    VOID       deslocar, e ir ao estado 18
    STRUCT     deslocar, e ir ao estado 19
    UNION      deslocar, e ir ao estado 20
    ENUM       deslocar, e ir ao estado 21
    ELLIPSIS   deslocar, e ir ao estado 305

    declaration_specifiers     ir ao estado 139
    storage_class_specifier    ir ao estado 26
    type_specifier             ir ao estado 27
    struct_or_union_specifier  ir ao estado 28
    struct_or_union            ir ao estado 29
    enum_specifier             ir ao estado 30
    type_qualifier             ir ao estado 31
    parameter_declaration      ir ao estado 306


Estado 240

  137 direct_declarator: direct_declarator '(' identifier_list ')' •

    $padrão  reduzir usando a regra 137 (direct_declarator)


Estado 241

  153 identifier_list: identifier_list ',' • IDENTIFIER

    IDENTIFIER  deslocar, e ir ao estado 307


Estado 242

  134 direct_declarator: direct_declarator '[' constant_expression ']' •

    $padrão  reduzir usando a regra 134 (direct_declarator)


Estado 243

  122 enum_specifier: ENUM IDENTIFIER '{' enumerator_list '}' •

    $padrão  reduzir usando a regra 122 (enum_specifier)


Estado 244

  127 enumerator: IDENTIFIER '=' constant_expression •

    $padrão  reduzir usando a regra 127 (enumerator)


Estado 245

  125 enumerator_list: enumerator_list ',' enumerator •

    $padrão  reduzir usando a regra 125 (enumerator_list)


Estado 246

  171 initializer_list: initializer •

    $padrão  reduzir usando a regra 171 (initializer_list)


Estado 247

  169 initializer: '{' initializer_list • '}'
  170            | '{' initializer_list • ',' '}'
  172 initializer_list: initializer_list • ',' initializer

    ','  deslocar, e ir ao estado 308
    '}'  deslocar, e ir ao estado 309


Estado 248

  104 struct_or_union_specifier: struct_or_union IDENTIFIER '{' struct_declaration_list '}' •

    $padrão  reduzir usando a regra 104 (struct_or_union_specifier)


Estado 249

  119 struct_declarator: ':' constant_expression •

    $padrão  reduzir usando a regra 119 (struct_declarator)


Estado 250

  117 struct_declarator_list: struct_declarator_list ',' • struct_declarator

    IDENTIFIER  deslocar, e ir ao estado 1
    '('         deslocar, e ir ao estado 22
    '*'         deslocar, e ir ao estado 23
    ':'         deslocar, e ir ao estado 162

    struct_declarator  ir ao estado 310
    declarator         ir ao estado 165
    direct_declarator  ir ao estado 33
    pointer            ir ao estado 34


Estado 251

  111 struct_declaration: specifier_qualifier_list struct_declarator_list ';' •

    $padrão  reduzir usando a regra 111 (struct_declaration)


Estado 252

  120 struct_declarator: declarator ':' • constant_expression

    IDENTIFIER      deslocar, e ir ao estado 144
    CONSTANT        deslocar, e ir ao estado 82
    STRING_LITERAL  deslocar, e ir ao estado 83
    SIZEOF          deslocar, e ir ao estado 84
    INC_OP          deslocar, e ir ao estado 85
    DEC_OP          deslocar, e ir ao estado 86
    '('             deslocar, e ir ao estado 98
    '&'             deslocar, e ir ao estado 99
    '*'             deslocar, e ir ao estado 100
    '+'             deslocar, e ir ao estado 101
    '-'             deslocar, e ir ao estado 102
    '~'             deslocar, e ir ao estado 103
    '!'             deslocar, e ir ao estado 104

    primary_expression         ir ao estado 107
    postfix_expression         ir ao estado 108
    unary_expression           ir ao estado 146
    unary_operator             ir ao estado 110
    cast_expression            ir ao estado 111
    multiplicative_expression  ir ao estado 112
    additive_expression        ir ao estado 113
    shift_expression           ir ao estado 114
    relational_expression      ir ao estado 115
    equality_expression        ir ao estado 116
    and_expression             ir ao estado 117
    exclusive_or_expression    ir ao estado 118
    inclusive_or_expression    ir ao estado 119
    logical_and_expression     ir ao estado 120
    logical_or_expression      ir ao estado 121
    conditional_expression     ir ao estado 147
    constant_expression        ir ao estado 311


Estado 253

  179 labeled_statement: IDENTIFIER ':' statement •

    $padrão  reduzir usando a regra 179 (labeled_statement)


Estado 254

   20 unary_expression: SIZEOF '(' type_name • ')'

    ')'  deslocar, e ir ao estado 312


Estado 255

  180 labeled_statement: CASE constant_expression ':' • statement

    IDENTIFIER      deslocar, e ir ao estado 81
    CONSTANT        deslocar, e ir ao estado 82
    STRING_LITERAL  deslocar, e ir ao estado 83
    SIZEOF          deslocar, e ir ao estado 84
    INC_OP          deslocar, e ir ao estado 85
    DEC_OP          deslocar, e ir ao estado 86
    CASE            deslocar, e ir ao estado 87
    DEFAULT         deslocar, e ir ao estado 88
    IF              deslocar, e ir ao estado 89
    SWITCH          deslocar, e ir ao estado 90
    WHILE           deslocar, e ir ao estado 91
    DO              deslocar, e ir ao estado 92
    FOR             deslocar, e ir ao estado 93
    GOTO            deslocar, e ir ao estado 94
    CONTINUE        deslocar, e ir ao estado 95
    BREAK           deslocar, e ir ao estado 96
    RETURN          deslocar, e ir ao estado 97
    '('             deslocar, e ir ao estado 98
    '&'             deslocar, e ir ao estado 99
    '*'             deslocar, e ir ao estado 100
    '+'             deslocar, e ir ao estado 101
    '-'             deslocar, e ir ao estado 102
    '~'             deslocar, e ir ao estado 103
    '!'             deslocar, e ir ao estado 104
    ';'             deslocar, e ir ao estado 105
    '{'             deslocar, e ir ao estado 53

    primary_expression         ir ao estado 107
    postfix_expression         ir ao estado 108
    unary_expression           ir ao estado 109
    unary_operator             ir ao estado 110
    cast_expression            ir ao estado 111
    multiplicative_expression  ir ao estado 112
    additive_expression        ir ao estado 113
    shift_expression           ir ao estado 114
    relational_expression      ir ao estado 115
    equality_expression        ir ao estado 116
    and_expression             ir ao estado 117
    exclusive_or_expression    ir ao estado 118
    inclusive_or_expression    ir ao estado 119
    logical_and_expression     ir ao estado 120
    logical_or_expression      ir ao estado 121
    conditional_expression     ir ao estado 122
    assignment_expression      ir ao estado 123
    expression                 ir ao estado 124
    statement                  ir ao estado 313
    labeled_statement          ir ao estado 126
    compound_statement         ir ao estado 127
    expression_statement       ir ao estado 130
    selection_statement        ir ao estado 131
    iteration_statement        ir ao estado 132
    jump_statement             ir ao estado 133


Estado 256

  181 labeled_statement: DEFAULT ':' statement •

    $padrão  reduzir usando a regra 181 (labeled_statement)


Estado 257

   73 expression: expression • ',' assignment_expression
  192 selection_statement: IF '(' expression • ')' statement
  193                    | IF '(' expression • ')' statement ELSE statement

    ')'  deslocar, e ir ao estado 314
    ','  deslocar, e ir ao estado 226


Estado 258

   73 expression: expression • ',' assignment_expression
  194 selection_statement: SWITCH '(' expression • ')' statement

    ')'  deslocar, e ir ao estado 315
    ','  deslocar, e ir ao estado 226


Estado 259

   73 expression: expression • ',' assignment_expression
  195 iteration_statement: WHILE '(' expression • ')' statement

    ')'  deslocar, e ir ao estado 316
    ','  deslocar, e ir ao estado 226


Estado 260

  196 iteration_statement: DO statement WHILE • '(' expression ')' ';'

    '('  deslocar, e ir ao estado 317


Estado 261

  197 iteration_statement: FOR '(' expression_statement • expression_statement ')' statement
  198                    | FOR '(' expression_statement • expression_statement expression ')' statement

    IDENTIFIER      deslocar, e ir ao estado 144
    CONSTANT        deslocar, e ir ao estado 82
    STRING_LITERAL  deslocar, e ir ao estado 83
    SIZEOF          deslocar, e ir ao estado 84
    INC_OP          deslocar, e ir ao estado 85
    DEC_OP          deslocar, e ir ao estado 86
    '('             deslocar, e ir ao estado 98
    '&'             deslocar, e ir ao estado 99
    '*'             deslocar, e ir ao estado 100
    '+'             deslocar, e ir ao estado 101
    '-'             deslocar, e ir ao estado 102
    '~'             deslocar, e ir ao estado 103
    '!'             deslocar, e ir ao estado 104
    ';'             deslocar, e ir ao estado 105

    primary_expression         ir ao estado 107
    postfix_expression         ir ao estado 108
    unary_expression           ir ao estado 109
    unary_operator             ir ao estado 110
    cast_expression            ir ao estado 111
    multiplicative_expression  ir ao estado 112
    additive_expression        ir ao estado 113
    shift_expression           ir ao estado 114
    relational_expression      ir ao estado 115
    equality_expression        ir ao estado 116
    and_expression             ir ao estado 117
    exclusive_or_expression    ir ao estado 118
    inclusive_or_expression    ir ao estado 119
    logical_and_expression     ir ao estado 120
    logical_or_expression      ir ao estado 121
    conditional_expression     ir ao estado 122
    assignment_expression      ir ao estado 123
    expression                 ir ao estado 124
    expression_statement       ir ao estado 318


Estado 262

  199 jump_statement: GOTO IDENTIFIER ';' •

    $padrão  reduzir usando a regra 199 (jump_statement)


Estado 263

  203 jump_statement: RETURN expression ';' •

    $padrão  reduzir usando a regra 203 (jump_statement)


Estado 264

    4 primary_expression: '(' expression ')' •

    $padrão  reduzir usando a regra 4 (primary_expression)


Estado 265

  159 direct_abstract_declarator: '(' • abstract_declarator ')'
  164                           | '(' • ')'
  165                           | '(' • parameter_type_list ')'

    TYPE_NAME  deslocar, e ir ao estado 2
    TYPEDEF    deslocar, e ir ao estado 3
    EXTERN     deslocar, e ir ao estado 4
    STATIC     deslocar, e ir ao estado 5
    AUTO       deslocar, e ir ao estado 6
    REGISTER   deslocar, e ir ao estado 7
    CHAR       deslocar, e ir ao estado 8
    SHORT      deslocar, e ir ao estado 9
    INT        deslocar, e ir ao estado 10
    LONG       deslocar, e ir ao estado 11
    SIGNED     deslocar, e ir ao estado 12
    UNSIGNED   deslocar, e ir ao estado 13
    FLOAT      deslocar, e ir ao estado 14
    DOUBLE     deslocar, e ir ao estado 15
    CONST      deslocar, e ir ao estado 16
    VOLATILE   deslocar, e ir ao estado 17
    VOID       deslocar, e ir ao estado 18
    STRUCT     deslocar, e ir ao estado 19
    UNION      deslocar, e ir ao estado 20
    ENUM       deslocar, e ir ao estado 21
    '('        deslocar, e ir ao estado 265
    ')'        deslocar, e ir ao estado 297
    '['        deslocar, e ir ao estado 233
    '*'        deslocar, e ir ao estado 23

    declaration_specifiers      ir ao estado 139
    storage_class_specifier     ir ao estado 26
    type_specifier              ir ao estado 27
    struct_or_union_specifier   ir ao estado 28
    struct_or_union             ir ao estado 29
    enum_specifier              ir ao estado 30
    type_qualifier              ir ao estado 31
    pointer                     ir ao estado 266
    parameter_type_list         ir ao estado 298
    parameter_list              ir ao estado 141
    parameter_declaration       ir ao estado 142
    abstract_declarator         ir ao estado 299
    direct_abstract_declarator  ir ao estado 237


Estado 266

  156 abstract_declarator: pointer •
  158                    | pointer • direct_abstract_declarator

    '('  deslocar, e ir ao estado 265
    '['  deslocar, e ir ao estado 233

    $padrão  reduzir usando a regra 156 (abstract_declarator)

    direct_abstract_declarator  ir ao estado 302


Estado 267

  155 type_name: specifier_qualifier_list abstract_declarator •

    $padrão  reduzir usando a regra 155 (type_name)


Estado 268

   28 cast_expression: '(' type_name ')' • cast_expression

    IDENTIFIER      deslocar, e ir ao estado 144
    CONSTANT        deslocar, e ir ao estado 82
    STRING_LITERAL  deslocar, e ir ao estado 83
    SIZEOF          deslocar, e ir ao estado 84
    INC_OP          deslocar, e ir ao estado 85
    DEC_OP          deslocar, e ir ao estado 86
    '('             deslocar, e ir ao estado 98
    '&'             deslocar, e ir ao estado 99
    '*'             deslocar, e ir ao estado 100
    '+'             deslocar, e ir ao estado 101
    '-'             deslocar, e ir ao estado 102
    '~'             deslocar, e ir ao estado 103
    '!'             deslocar, e ir ao estado 104

    primary_expression  ir ao estado 107
    postfix_expression  ir ao estado 108
    unary_expression    ir ao estado 146
    unary_operator      ir ao estado 110
    cast_expression     ir ao estado 319


Estado 269

   10 postfix_expression: postfix_expression PTR_OP IDENTIFIER •

    $padrão  reduzir usando a regra 10 (postfix_expression)


Estado 270

    7 postfix_expression: postfix_expression '(' ')' •

    $padrão  reduzir usando a regra 7 (postfix_expression)


Estado 271

    8 postfix_expression: postfix_expression '(' argument_expression_list • ')'
   14 argument_expression_list: argument_expression_list • ',' assignment_expression

    ')'  deslocar, e ir ao estado 320
    ','  deslocar, e ir ao estado 321


Estado 272

   13 argument_expression_list: assignment_expression •

    $padrão  reduzir usando a regra 13 (argument_expression_list)


Estado 273

    6 postfix_expression: postfix_expression '[' expression • ']'
   73 expression: expression • ',' assignment_expression

    ']'  deslocar, e ir ao estado 322
    ','  deslocar, e ir ao estado 226


Estado 274

    9 postfix_expression: postfix_expression '.' IDENTIFIER •

    $padrão  reduzir usando a regra 9 (postfix_expression)


Estado 275

   60 assignment_expression: unary_expression assignment_operator assignment_expression •

    $padrão  reduzir usando a regra 60 (assignment_expression)


Estado 276

   30 multiplicative_expression: multiplicative_expression '*' cast_expression •

    $padrão  reduzir usando a regra 30 (multiplicative_expression)


Estado 277

   31 multiplicative_expression: multiplicative_expression '/' cast_expression •

    $padrão  reduzir usando a regra 31 (multiplicative_expression)


Estado 278

   32 multiplicative_expression: multiplicative_expression '%' cast_expression •

    $padrão  reduzir usando a regra 32 (multiplicative_expression)


Estado 279

   30 multiplicative_expression: multiplicative_expression • '*' cast_expression
   31                          | multiplicative_expression • '/' cast_expression
   32                          | multiplicative_expression • '%' cast_expression
   34 additive_expression: additive_expression '+' multiplicative_expression •

    '*'  deslocar, e ir ao estado 207
    '/'  deslocar, e ir ao estado 208
    '%'  deslocar, e ir ao estado 209

    $padrão  reduzir usando a regra 34 (additive_expression)


Estado 280

   30 multiplicative_expression: multiplicative_expression • '*' cast_expression
   31                          | multiplicative_expression • '/' cast_expression
   32                          | multiplicative_expression • '%' cast_expression
   35 additive_expression: additive_expression '-' multiplicative_expression •

    '*'  deslocar, e ir ao estado 207
    '/'  deslocar, e ir ao estado 208
    '%'  deslocar, e ir ao estado 209

    $padrão  reduzir usando a regra 35 (additive_expression)


Estado 281

   34 additive_expression: additive_expression • '+' multiplicative_expression
   35                    | additive_expression • '-' multiplicative_expression
   37 shift_expression: shift_expression LEFT_OP additive_expression •

    '+'  deslocar, e ir ao estado 210
    '-'  deslocar, e ir ao estado 211

    $padrão  reduzir usando a regra 37 (shift_expression)


Estado 282

   34 additive_expression: additive_expression • '+' multiplicative_expression
   35                    | additive_expression • '-' multiplicative_expression
   38 shift_expression: shift_expression RIGHT_OP additive_expression •

    '+'  deslocar, e ir ao estado 210
    '-'  deslocar, e ir ao estado 211

    $padrão  reduzir usando a regra 38 (shift_expression)


Estado 283

   37 shift_expression: shift_expression • LEFT_OP additive_expression
   38                 | shift_expression • RIGHT_OP additive_expression
   42 relational_expression: relational_expression LE_OP shift_expression •

    LEFT_OP   deslocar, e ir ao estado 212
    RIGHT_OP  deslocar, e ir ao estado 213

    $padrão  reduzir usando a regra 42 (relational_expression)


Estado 284

   37 shift_expression: shift_expression • LEFT_OP additive_expression
   38                 | shift_expression • RIGHT_OP additive_expression
   43 relational_expression: relational_expression GE_OP shift_expression •

    LEFT_OP   deslocar, e ir ao estado 212
    RIGHT_OP  deslocar, e ir ao estado 213

    $padrão  reduzir usando a regra 43 (relational_expression)


Estado 285

   37 shift_expression: shift_expression • LEFT_OP additive_expression
   38                 | shift_expression • RIGHT_OP additive_expression
   40 relational_expression: relational_expression '<' shift_expression •

    LEFT_OP   deslocar, e ir ao estado 212
    RIGHT_OP  deslocar, e ir ao estado 213

    $padrão  reduzir usando a regra 40 (relational_expression)


Estado 286

   37 shift_expression: shift_expression • LEFT_OP additive_expression
   38                 | shift_expression • RIGHT_OP additive_expression
   41 relational_expression: relational_expression '>' shift_expression •

    LEFT_OP   deslocar, e ir ao estado 212
    RIGHT_OP  deslocar, e ir ao estado 213

    $padrão  reduzir usando a regra 41 (relational_expression)


Estado 287

   40 relational_expression: relational_expression • '<' shift_expression
   41                      | relational_expression • '>' shift_expression
   42                      | relational_expression • LE_OP shift_expression
   43                      | relational_expression • GE_OP shift_expression
   45 equality_expression: equality_expression EQ_OP relational_expression •

    LE_OP  deslocar, e ir ao estado 214
    GE_OP  deslocar, e ir ao estado 215
    '<'    deslocar, e ir ao estado 216
    '>'    deslocar, e ir ao estado 217

    $padrão  reduzir usando a regra 45 (equality_expression)


Estado 288

   40 relational_expression: relational_expression • '<' shift_expression
   41                      | relational_expression • '>' shift_expression
   42                      | relational_expression • LE_OP shift_expression
   43                      | relational_expression • GE_OP shift_expression
   46 equality_expression: equality_expression NE_OP relational_expression •

    LE_OP  deslocar, e ir ao estado 214
    GE_OP  deslocar, e ir ao estado 215
    '<'    deslocar, e ir ao estado 216
    '>'    deslocar, e ir ao estado 217

    $padrão  reduzir usando a regra 46 (equality_expression)


Estado 289

   45 equality_expression: equality_expression • EQ_OP relational_expression
   46                    | equality_expression • NE_OP relational_expression
   48 and_expression: and_expression '&' equality_expression •

    EQ_OP  deslocar, e ir ao estado 218
    NE_OP  deslocar, e ir ao estado 219

    $padrão  reduzir usando a regra 48 (and_expression)


Estado 290

   48 and_expression: and_expression • '&' equality_expression
   50 exclusive_or_expression: exclusive_or_expression '^' and_expression •

    '&'  deslocar, e ir ao estado 220

    $padrão  reduzir usando a regra 50 (exclusive_or_expression)


Estado 291

   50 exclusive_or_expression: exclusive_or_expression • '^' and_expression
   52 inclusive_or_expression: inclusive_or_expression '|' exclusive_or_expression •

    '^'  deslocar, e ir ao estado 221

    $padrão  reduzir usando a regra 52 (inclusive_or_expression)


Estado 292

   52 inclusive_or_expression: inclusive_or_expression • '|' exclusive_or_expression
   54 logical_and_expression: logical_and_expression AND_OP inclusive_or_expression •

    '|'  deslocar, e ir ao estado 222

    $padrão  reduzir usando a regra 54 (logical_and_expression)


Estado 293

   54 logical_and_expression: logical_and_expression • AND_OP inclusive_or_expression
   56 logical_or_expression: logical_or_expression OR_OP logical_and_expression •

    AND_OP  deslocar, e ir ao estado 223

    $padrão  reduzir usando a regra 56 (logical_or_expression)


Estado 294

   58 conditional_expression: logical_or_expression '?' expression • ':' conditional_expression
   73 expression: expression • ',' assignment_expression

    ','  deslocar, e ir ao estado 226
    ':'  deslocar, e ir ao estado 323


Estado 295

   73 expression: expression ',' assignment_expression •

    $padrão  reduzir usando a regra 73 (expression)


Estado 296

  185 compound_statement: '{' declaration_list statement_list '}' •

    $padrão  reduzir usando a regra 185 (compound_statement)


Estado 297

  164 direct_abstract_declarator: '(' ')' •

    $padrão  reduzir usando a regra 164 (direct_abstract_declarator)


Estado 298

  165 direct_abstract_declarator: '(' parameter_type_list • ')'

    ')'  deslocar, e ir ao estado 324


Estado 299

  159 direct_abstract_declarator: '(' abstract_declarator • ')'

    ')'  deslocar, e ir ao estado 325


Estado 300

  160 direct_abstract_declarator: '[' ']' •

    $padrão  reduzir usando a regra 160 (direct_abstract_declarator)


Estado 301

  161 direct_abstract_declarator: '[' constant_expression • ']'

    ']'  deslocar, e ir ao estado 326


Estado 302

  158 abstract_declarator: pointer direct_abstract_declarator •
  162 direct_abstract_declarator: direct_abstract_declarator • '[' ']'
  163                           | direct_abstract_declarator • '[' constant_expression ']'
  166                           | direct_abstract_declarator • '(' ')'
  167                           | direct_abstract_declarator • '(' parameter_type_list ')'

    '('  deslocar, e ir ao estado 303
    '['  deslocar, e ir ao estado 304

    $padrão  reduzir usando a regra 158 (abstract_declarator)


Estado 303

  166 direct_abstract_declarator: direct_abstract_declarator '(' • ')'
  167                           | direct_abstract_declarator '(' • parameter_type_list ')'

    TYPE_NAME  deslocar, e ir ao estado 2
    TYPEDEF    deslocar, e ir ao estado 3
    EXTERN     deslocar, e ir ao estado 4
    STATIC     deslocar, e ir ao estado 5
    AUTO       deslocar, e ir ao estado 6
    REGISTER   deslocar, e ir ao estado 7
    CHAR       deslocar, e ir ao estado 8
    SHORT      deslocar, e ir ao estado 9
    INT        deslocar, e ir ao estado 10
    LONG       deslocar, e ir ao estado 11
    SIGNED     deslocar, e ir ao estado 12
    UNSIGNED   deslocar, e ir ao estado 13
    FLOAT      deslocar, e ir ao estado 14
    DOUBLE     deslocar, e ir ao estado 15
    CONST      deslocar, e ir ao estado 16
    VOLATILE   deslocar, e ir ao estado 17
    VOID       deslocar, e ir ao estado 18
    STRUCT     deslocar, e ir ao estado 19
    UNION      deslocar, e ir ao estado 20
    ENUM       deslocar, e ir ao estado 21
    ')'        deslocar, e ir ao estado 327

    declaration_specifiers     ir ao estado 139
    storage_class_specifier    ir ao estado 26
    type_specifier             ir ao estado 27
    struct_or_union_specifier  ir ao estado 28
    struct_or_union            ir ao estado 29
    enum_specifier             ir ao estado 30
    type_qualifier             ir ao estado 31
    parameter_type_list        ir ao estado 328
    parameter_list             ir ao estado 141
    parameter_declaration      ir ao estado 142


Estado 304

  162 direct_abstract_declarator: direct_abstract_declarator '[' • ']'
  163                           | direct_abstract_declarator '[' • constant_expression ']'

    IDENTIFIER      deslocar, e ir ao estado 144
    CONSTANT        deslocar, e ir ao estado 82
    STRING_LITERAL  deslocar, e ir ao estado 83
    SIZEOF          deslocar, e ir ao estado 84
    INC_OP          deslocar, e ir ao estado 85
    DEC_OP          deslocar, e ir ao estado 86
    '('             deslocar, e ir ao estado 98
    ']'             deslocar, e ir ao estado 329
    '&'             deslocar, e ir ao estado 99
    '*'             deslocar, e ir ao estado 100
    '+'             deslocar, e ir ao estado 101
    '-'             deslocar, e ir ao estado 102
    '~'             deslocar, e ir ao estado 103
    '!'             deslocar, e ir ao estado 104

    primary_expression         ir ao estado 107
    postfix_expression         ir ao estado 108
    unary_expression           ir ao estado 146
    unary_operator             ir ao estado 110
    cast_expression            ir ao estado 111
    multiplicative_expression  ir ao estado 112
    additive_expression        ir ao estado 113
    shift_expression           ir ao estado 114
    relational_expression      ir ao estado 115
    equality_expression        ir ao estado 116
    and_expression             ir ao estado 117
    exclusive_or_expression    ir ao estado 118
    inclusive_or_expression    ir ao estado 119
    logical_and_expression     ir ao estado 120
    logical_or_expression      ir ao estado 121
    conditional_expression     ir ao estado 147
    constant_expression        ir ao estado 330


Estado 305

  146 parameter_type_list: parameter_list ',' ELLIPSIS •

    $padrão  reduzir usando a regra 146 (parameter_type_list)


Estado 306

  148 parameter_list: parameter_list ',' parameter_declaration •

    $padrão  reduzir usando a regra 148 (parameter_list)


Estado 307

  153 identifier_list: identifier_list ',' IDENTIFIER •

    $padrão  reduzir usando a regra 153 (identifier_list)


Estado 308

  170 initializer: '{' initializer_list ',' • '}'
  172 initializer_list: initializer_list ',' • initializer

    IDENTIFIER      deslocar, e ir ao estado 144
    CONSTANT        deslocar, e ir ao estado 82
    STRING_LITERAL  deslocar, e ir ao estado 83
    SIZEOF          deslocar, e ir ao estado 84
    INC_OP          deslocar, e ir ao estado 85
    DEC_OP          deslocar, e ir ao estado 86
    '('             deslocar, e ir ao estado 98
    '&'             deslocar, e ir ao estado 99
    '*'             deslocar, e ir ao estado 100
    '+'             deslocar, e ir ao estado 101
    '-'             deslocar, e ir ao estado 102
    '~'             deslocar, e ir ao estado 103
    '!'             deslocar, e ir ao estado 104
    '{'             deslocar, e ir ao estado 154
    '}'             deslocar, e ir ao estado 331

    primary_expression         ir ao estado 107
    postfix_expression         ir ao estado 108
    unary_expression           ir ao estado 109
    unary_operator             ir ao estado 110
    cast_expression            ir ao estado 111
    multiplicative_expression  ir ao estado 112
    additive_expression        ir ao estado 113
    shift_expression           ir ao estado 114
    relational_expression      ir ao estado 115
    equality_expression        ir ao estado 116
    and_expression             ir ao estado 117
    exclusive_or_expression    ir ao estado 118
    inclusive_or_expression    ir ao estado 119
    logical_and_expression     ir ao estado 120
    logical_or_expression      ir ao estado 121
    conditional_expression     ir ao estado 122
    assignment_expression      ir ao estado 155
    initializer                ir ao estado 332


Estado 309

  169 initializer: '{' initializer_list '}' •

    $padrão  reduzir usando a regra 169 (initializer)


Estado 310

  117 struct_declarator_list: struct_declarator_list ',' struct_declarator •

    $padrão  reduzir usando a regra 117 (struct_declarator_list)


Estado 311

  120 struct_declarator: declarator ':' constant_expression •

    $padrão  reduzir usando a regra 120 (struct_declarator)


Estado 312

   20 unary_expression: SIZEOF '(' type_name ')' •

    $padrão  reduzir usando a regra 20 (unary_expression)


Estado 313

  180 labeled_statement: CASE constant_expression ':' statement •

    $padrão  reduzir usando a regra 180 (labeled_statement)


Estado 314

  192 selection_statement: IF '(' expression ')' • statement
  193                    | IF '(' expression ')' • statement ELSE statement

    IDENTIFIER      deslocar, e ir ao estado 81
    CONSTANT        deslocar, e ir ao estado 82
    STRING_LITERAL  deslocar, e ir ao estado 83
    SIZEOF          deslocar, e ir ao estado 84
    INC_OP          deslocar, e ir ao estado 85
    DEC_OP          deslocar, e ir ao estado 86
    CASE            deslocar, e ir ao estado 87
    DEFAULT         deslocar, e ir ao estado 88
    IF              deslocar, e ir ao estado 89
    SWITCH          deslocar, e ir ao estado 90
    WHILE           deslocar, e ir ao estado 91
    DO              deslocar, e ir ao estado 92
    FOR             deslocar, e ir ao estado 93
    GOTO            deslocar, e ir ao estado 94
    CONTINUE        deslocar, e ir ao estado 95
    BREAK           deslocar, e ir ao estado 96
    RETURN          deslocar, e ir ao estado 97
    '('             deslocar, e ir ao estado 98
    '&'             deslocar, e ir ao estado 99
    '*'             deslocar, e ir ao estado 100
    '+'             deslocar, e ir ao estado 101
    '-'             deslocar, e ir ao estado 102
    '~'             deslocar, e ir ao estado 103
    '!'             deslocar, e ir ao estado 104
    ';'             deslocar, e ir ao estado 105
    '{'             deslocar, e ir ao estado 53

    primary_expression         ir ao estado 107
    postfix_expression         ir ao estado 108
    unary_expression           ir ao estado 109
    unary_operator             ir ao estado 110
    cast_expression            ir ao estado 111
    multiplicative_expression  ir ao estado 112
    additive_expression        ir ao estado 113
    shift_expression           ir ao estado 114
    relational_expression      ir ao estado 115
    equality_expression        ir ao estado 116
    and_expression             ir ao estado 117
    exclusive_or_expression    ir ao estado 118
    inclusive_or_expression    ir ao estado 119
    logical_and_expression     ir ao estado 120
    logical_or_expression      ir ao estado 121
    conditional_expression     ir ao estado 122
    assignment_expression      ir ao estado 123
    expression                 ir ao estado 124
    statement                  ir ao estado 333
    labeled_statement          ir ao estado 126
    compound_statement         ir ao estado 127
    expression_statement       ir ao estado 130
    selection_statement        ir ao estado 131
    iteration_statement        ir ao estado 132
    jump_statement             ir ao estado 133


Estado 315

  194 selection_statement: SWITCH '(' expression ')' • statement

    IDENTIFIER      deslocar, e ir ao estado 81
    CONSTANT        deslocar, e ir ao estado 82
    STRING_LITERAL  deslocar, e ir ao estado 83
    SIZEOF          deslocar, e ir ao estado 84
    INC_OP          deslocar, e ir ao estado 85
    DEC_OP          deslocar, e ir ao estado 86
    CASE            deslocar, e ir ao estado 87
    DEFAULT         deslocar, e ir ao estado 88
    IF              deslocar, e ir ao estado 89
    SWITCH          deslocar, e ir ao estado 90
    WHILE           deslocar, e ir ao estado 91
    DO              deslocar, e ir ao estado 92
    FOR             deslocar, e ir ao estado 93
    GOTO            deslocar, e ir ao estado 94
    CONTINUE        deslocar, e ir ao estado 95
    BREAK           deslocar, e ir ao estado 96
    RETURN          deslocar, e ir ao estado 97
    '('             deslocar, e ir ao estado 98
    '&'             deslocar, e ir ao estado 99
    '*'             deslocar, e ir ao estado 100
    '+'             deslocar, e ir ao estado 101
    '-'             deslocar, e ir ao estado 102
    '~'             deslocar, e ir ao estado 103
    '!'             deslocar, e ir ao estado 104
    ';'             deslocar, e ir ao estado 105
    '{'             deslocar, e ir ao estado 53

    primary_expression         ir ao estado 107
    postfix_expression         ir ao estado 108
    unary_expression           ir ao estado 109
    unary_operator             ir ao estado 110
    cast_expression            ir ao estado 111
    multiplicative_expression  ir ao estado 112
    additive_expression        ir ao estado 113
    shift_expression           ir ao estado 114
    relational_expression      ir ao estado 115
    equality_expression        ir ao estado 116
    and_expression             ir ao estado 117
    exclusive_or_expression    ir ao estado 118
    inclusive_or_expression    ir ao estado 119
    logical_and_expression     ir ao estado 120
    logical_or_expression      ir ao estado 121
    conditional_expression     ir ao estado 122
    assignment_expression      ir ao estado 123
    expression                 ir ao estado 124
    statement                  ir ao estado 334
    labeled_statement          ir ao estado 126
    compound_statement         ir ao estado 127
    expression_statement       ir ao estado 130
    selection_statement        ir ao estado 131
    iteration_statement        ir ao estado 132
    jump_statement             ir ao estado 133


Estado 316

  195 iteration_statement: WHILE '(' expression ')' • statement

    IDENTIFIER      deslocar, e ir ao estado 81
    CONSTANT        deslocar, e ir ao estado 82
    STRING_LITERAL  deslocar, e ir ao estado 83
    SIZEOF          deslocar, e ir ao estado 84
    INC_OP          deslocar, e ir ao estado 85
    DEC_OP          deslocar, e ir ao estado 86
    CASE            deslocar, e ir ao estado 87
    DEFAULT         deslocar, e ir ao estado 88
    IF              deslocar, e ir ao estado 89
    SWITCH          deslocar, e ir ao estado 90
    WHILE           deslocar, e ir ao estado 91
    DO              deslocar, e ir ao estado 92
    FOR             deslocar, e ir ao estado 93
    GOTO            deslocar, e ir ao estado 94
    CONTINUE        deslocar, e ir ao estado 95
    BREAK           deslocar, e ir ao estado 96
    RETURN          deslocar, e ir ao estado 97
    '('             deslocar, e ir ao estado 98
    '&'             deslocar, e ir ao estado 99
    '*'             deslocar, e ir ao estado 100
    '+'             deslocar, e ir ao estado 101
    '-'             deslocar, e ir ao estado 102
    '~'             deslocar, e ir ao estado 103
    '!'             deslocar, e ir ao estado 104
    ';'             deslocar, e ir ao estado 105
    '{'             deslocar, e ir ao estado 53

    primary_expression         ir ao estado 107
    postfix_expression         ir ao estado 108
    unary_expression           ir ao estado 109
    unary_operator             ir ao estado 110
    cast_expression            ir ao estado 111
    multiplicative_expression  ir ao estado 112
    additive_expression        ir ao estado 113
    shift_expression           ir ao estado 114
    relational_expression      ir ao estado 115
    equality_expression        ir ao estado 116
    and_expression             ir ao estado 117
    exclusive_or_expression    ir ao estado 118
    inclusive_or_expression    ir ao estado 119
    logical_and_expression     ir ao estado 120
    logical_or_expression      ir ao estado 121
    conditional_expression     ir ao estado 122
    assignment_expression      ir ao estado 123
    expression                 ir ao estado 124
    statement                  ir ao estado 335
    labeled_statement          ir ao estado 126
    compound_statement         ir ao estado 127
    expression_statement       ir ao estado 130
    selection_statement        ir ao estado 131
    iteration_statement        ir ao estado 132
    jump_statement             ir ao estado 133


Estado 317

  196 iteration_statement: DO statement WHILE '(' • expression ')' ';'

    IDENTIFIER      deslocar, e ir ao estado 144
    CONSTANT        deslocar, e ir ao estado 82
    STRING_LITERAL  deslocar, e ir ao estado 83
    SIZEOF          deslocar, e ir ao estado 84
    INC_OP          deslocar, e ir ao estado 85
    DEC_OP          deslocar, e ir ao estado 86
    '('             deslocar, e ir ao estado 98
    '&'             deslocar, e ir ao estado 99
    '*'             deslocar, e ir ao estado 100
    '+'             deslocar, e ir ao estado 101
    '-'             deslocar, e ir ao estado 102
    '~'             deslocar, e ir ao estado 103
    '!'             deslocar, e ir ao estado 104

    primary_expression         ir ao estado 107
    postfix_expression         ir ao estado 108
    unary_expression           ir ao estado 109
    unary_operator             ir ao estado 110
    cast_expression            ir ao estado 111
    multiplicative_expression  ir ao estado 112
    additive_expression        ir ao estado 113
    shift_expression           ir ao estado 114
    relational_expression      ir ao estado 115
    equality_expression        ir ao estado 116
    and_expression             ir ao estado 117
    exclusive_or_expression    ir ao estado 118
    inclusive_or_expression    ir ao estado 119
    logical_and_expression     ir ao estado 120
    logical_or_expression      ir ao estado 121
    conditional_expression     ir ao estado 122
    assignment_expression      ir ao estado 123
    expression                 ir ao estado 336


Estado 318

  197 iteration_statement: FOR '(' expression_statement expression_statement • ')' statement
  198                    | FOR '(' expression_statement expression_statement • expression ')' statement

    IDENTIFIER      deslocar, e ir ao estado 144
    CONSTANT        deslocar, e ir ao estado 82
    STRING_LITERAL  deslocar, e ir ao estado 83
    SIZEOF          deslocar, e ir ao estado 84
    INC_OP          deslocar, e ir ao estado 85
    DEC_OP          deslocar, e ir ao estado 86
    '('             deslocar, e ir ao estado 98
    ')'             deslocar, e ir ao estado 337
    '&'             deslocar, e ir ao estado 99
    '*'             deslocar, e ir ao estado 100
    '+'             deslocar, e ir ao estado 101
    '-'             deslocar, e ir ao estado 102
    '~'             deslocar, e ir ao estado 103
    '!'             deslocar, e ir ao estado 104

    primary_expression         ir ao estado 107
    postfix_expression         ir ao estado 108
    unary_expression           ir ao estado 109
    unary_operator             ir ao estado 110
    cast_expression            ir ao estado 111
    multiplicative_expression  ir ao estado 112
    additive_expression        ir ao estado 113
    shift_expression           ir ao estado 114
    relational_expression      ir ao estado 115
    equality_expression        ir ao estado 116
    and_expression             ir ao estado 117
    exclusive_or_expression    ir ao estado 118
    inclusive_or_expression    ir ao estado 119
    logical_and_expression     ir ao estado 120
    logical_or_expression      ir ao estado 121
    conditional_expression     ir ao estado 122
    assignment_expression      ir ao estado 123
    expression                 ir ao estado 338


Estado 319

   28 cast_expression: '(' type_name ')' cast_expression •

    $padrão  reduzir usando a regra 28 (cast_expression)


Estado 320

    8 postfix_expression: postfix_expression '(' argument_expression_list ')' •

    $padrão  reduzir usando a regra 8 (postfix_expression)


Estado 321

   14 argument_expression_list: argument_expression_list ',' • assignment_expression

    IDENTIFIER      deslocar, e ir ao estado 144
    CONSTANT        deslocar, e ir ao estado 82
    STRING_LITERAL  deslocar, e ir ao estado 83
    SIZEOF          deslocar, e ir ao estado 84
    INC_OP          deslocar, e ir ao estado 85
    DEC_OP          deslocar, e ir ao estado 86
    '('             deslocar, e ir ao estado 98
    '&'             deslocar, e ir ao estado 99
    '*'             deslocar, e ir ao estado 100
    '+'             deslocar, e ir ao estado 101
    '-'             deslocar, e ir ao estado 102
    '~'             deslocar, e ir ao estado 103
    '!'             deslocar, e ir ao estado 104

    primary_expression         ir ao estado 107
    postfix_expression         ir ao estado 108
    unary_expression           ir ao estado 109
    unary_operator             ir ao estado 110
    cast_expression            ir ao estado 111
    multiplicative_expression  ir ao estado 112
    additive_expression        ir ao estado 113
    shift_expression           ir ao estado 114
    relational_expression      ir ao estado 115
    equality_expression        ir ao estado 116
    and_expression             ir ao estado 117
    exclusive_or_expression    ir ao estado 118
    inclusive_or_expression    ir ao estado 119
    logical_and_expression     ir ao estado 120
    logical_or_expression      ir ao estado 121
    conditional_expression     ir ao estado 122
    assignment_expression      ir ao estado 339


Estado 322

    6 postfix_expression: postfix_expression '[' expression ']' •

    $padrão  reduzir usando a regra 6 (postfix_expression)


Estado 323

   58 conditional_expression: logical_or_expression '?' expression ':' • conditional_expression

    IDENTIFIER      deslocar, e ir ao estado 144
    CONSTANT        deslocar, e ir ao estado 82
    STRING_LITERAL  deslocar, e ir ao estado 83
    SIZEOF          deslocar, e ir ao estado 84
    INC_OP          deslocar, e ir ao estado 85
    DEC_OP          deslocar, e ir ao estado 86
    '('             deslocar, e ir ao estado 98
    '&'             deslocar, e ir ao estado 99
    '*'             deslocar, e ir ao estado 100
    '+'             deslocar, e ir ao estado 101
    '-'             deslocar, e ir ao estado 102
    '~'             deslocar, e ir ao estado 103
    '!'             deslocar, e ir ao estado 104

    primary_expression         ir ao estado 107
    postfix_expression         ir ao estado 108
    unary_expression           ir ao estado 146
    unary_operator             ir ao estado 110
    cast_expression            ir ao estado 111
    multiplicative_expression  ir ao estado 112
    additive_expression        ir ao estado 113
    shift_expression           ir ao estado 114
    relational_expression      ir ao estado 115
    equality_expression        ir ao estado 116
    and_expression             ir ao estado 117
    exclusive_or_expression    ir ao estado 118
    inclusive_or_expression    ir ao estado 119
    logical_and_expression     ir ao estado 120
    logical_or_expression      ir ao estado 121
    conditional_expression     ir ao estado 340


Estado 324

  165 direct_abstract_declarator: '(' parameter_type_list ')' •

    $padrão  reduzir usando a regra 165 (direct_abstract_declarator)


Estado 325

  159 direct_abstract_declarator: '(' abstract_declarator ')' •

    $padrão  reduzir usando a regra 159 (direct_abstract_declarator)


Estado 326

  161 direct_abstract_declarator: '[' constant_expression ']' •

    $padrão  reduzir usando a regra 161 (direct_abstract_declarator)


Estado 327

  166 direct_abstract_declarator: direct_abstract_declarator '(' ')' •

    $padrão  reduzir usando a regra 166 (direct_abstract_declarator)


Estado 328

  167 direct_abstract_declarator: direct_abstract_declarator '(' parameter_type_list • ')'

    ')'  deslocar, e ir ao estado 341


Estado 329

  162 direct_abstract_declarator: direct_abstract_declarator '[' ']' •

    $padrão  reduzir usando a regra 162 (direct_abstract_declarator)


Estado 330

  163 direct_abstract_declarator: direct_abstract_declarator '[' constant_expression • ']'

    ']'  deslocar, e ir ao estado 342


Estado 331

  170 initializer: '{' initializer_list ',' '}' •

    $padrão  reduzir usando a regra 170 (initializer)


Estado 332

  172 initializer_list: initializer_list ',' initializer •

    $padrão  reduzir usando a regra 172 (initializer_list)


Estado 333

  192 selection_statement: IF '(' expression ')' statement •
  193                    | IF '(' expression ')' statement • ELSE statement

    ELSE  deslocar, e ir ao estado 343

    ELSE     [reduzir usando a regra 192 (selection_statement)]
    $padrão  reduzir usando a regra 192 (selection_statement)


Estado 334

  194 selection_statement: SWITCH '(' expression ')' statement •

    $padrão  reduzir usando a regra 194 (selection_statement)


Estado 335

  195 iteration_statement: WHILE '(' expression ')' statement •

    $padrão  reduzir usando a regra 195 (iteration_statement)


Estado 336

   73 expression: expression • ',' assignment_expression
  196 iteration_statement: DO statement WHILE '(' expression • ')' ';'

    ')'  deslocar, e ir ao estado 344
    ','  deslocar, e ir ao estado 226


Estado 337

  197 iteration_statement: FOR '(' expression_statement expression_statement ')' • statement

    IDENTIFIER      deslocar, e ir ao estado 81
    CONSTANT        deslocar, e ir ao estado 82
    STRING_LITERAL  deslocar, e ir ao estado 83
    SIZEOF          deslocar, e ir ao estado 84
    INC_OP          deslocar, e ir ao estado 85
    DEC_OP          deslocar, e ir ao estado 86
    CASE            deslocar, e ir ao estado 87
    DEFAULT         deslocar, e ir ao estado 88
    IF              deslocar, e ir ao estado 89
    SWITCH          deslocar, e ir ao estado 90
    WHILE           deslocar, e ir ao estado 91
    DO              deslocar, e ir ao estado 92
    FOR             deslocar, e ir ao estado 93
    GOTO            deslocar, e ir ao estado 94
    CONTINUE        deslocar, e ir ao estado 95
    BREAK           deslocar, e ir ao estado 96
    RETURN          deslocar, e ir ao estado 97
    '('             deslocar, e ir ao estado 98
    '&'             deslocar, e ir ao estado 99
    '*'             deslocar, e ir ao estado 100
    '+'             deslocar, e ir ao estado 101
    '-'             deslocar, e ir ao estado 102
    '~'             deslocar, e ir ao estado 103
    '!'             deslocar, e ir ao estado 104
    ';'             deslocar, e ir ao estado 105
    '{'             deslocar, e ir ao estado 53

    primary_expression         ir ao estado 107
    postfix_expression         ir ao estado 108
    unary_expression           ir ao estado 109
    unary_operator             ir ao estado 110
    cast_expression            ir ao estado 111
    multiplicative_expression  ir ao estado 112
    additive_expression        ir ao estado 113
    shift_expression           ir ao estado 114
    relational_expression      ir ao estado 115
    equality_expression        ir ao estado 116
    and_expression             ir ao estado 117
    exclusive_or_expression    ir ao estado 118
    inclusive_or_expression    ir ao estado 119
    logical_and_expression     ir ao estado 120
    logical_or_expression      ir ao estado 121
    conditional_expression     ir ao estado 122
    assignment_expression      ir ao estado 123
    expression                 ir ao estado 124
    statement                  ir ao estado 345
    labeled_statement          ir ao estado 126
    compound_statement         ir ao estado 127
    expression_statement       ir ao estado 130
    selection_statement        ir ao estado 131
    iteration_statement        ir ao estado 132
    jump_statement             ir ao estado 133


Estado 338

   73 expression: expression • ',' assignment_expression
  198 iteration_statement: FOR '(' expression_statement expression_statement expression • ')' statement

    ')'  deslocar, e ir ao estado 346
    ','  deslocar, e ir ao estado 226


Estado 339

   14 argument_expression_list: argument_expression_list ',' assignment_expression •

    $padrão  reduzir usando a regra 14 (argument_expression_list)


Estado 340

   58 conditional_expression: logical_or_expression '?' expression ':' conditional_expression •

    $padrão  reduzir usando a regra 58 (conditional_expression)


Estado 341

  167 direct_abstract_declarator: direct_abstract_declarator '(' parameter_type_list ')' •

    $padrão  reduzir usando a regra 167 (direct_abstract_declarator)


Estado 342

  163 direct_abstract_declarator: direct_abstract_declarator '[' constant_expression ']' •

    $padrão  reduzir usando a regra 163 (direct_abstract_declarator)


Estado 343

  193 selection_statement: IF '(' expression ')' statement ELSE • statement

    IDENTIFIER      deslocar, e ir ao estado 81
    CONSTANT        deslocar, e ir ao estado 82
    STRING_LITERAL  deslocar, e ir ao estado 83
    SIZEOF          deslocar, e ir ao estado 84
    INC_OP          deslocar, e ir ao estado 85
    DEC_OP          deslocar, e ir ao estado 86
    CASE            deslocar, e ir ao estado 87
    DEFAULT         deslocar, e ir ao estado 88
    IF              deslocar, e ir ao estado 89
    SWITCH          deslocar, e ir ao estado 90
    WHILE           deslocar, e ir ao estado 91
    DO              deslocar, e ir ao estado 92
    FOR             deslocar, e ir ao estado 93
    GOTO            deslocar, e ir ao estado 94
    CONTINUE        deslocar, e ir ao estado 95
    BREAK           deslocar, e ir ao estado 96
    RETURN          deslocar, e ir ao estado 97
    '('             deslocar, e ir ao estado 98
    '&'             deslocar, e ir ao estado 99
    '*'             deslocar, e ir ao estado 100
    '+'             deslocar, e ir ao estado 101
    '-'             deslocar, e ir ao estado 102
    '~'             deslocar, e ir ao estado 103
    '!'             deslocar, e ir ao estado 104
    ';'             deslocar, e ir ao estado 105
    '{'             deslocar, e ir ao estado 53

    primary_expression         ir ao estado 107
    postfix_expression         ir ao estado 108
    unary_expression           ir ao estado 109
    unary_operator             ir ao estado 110
    cast_expression            ir ao estado 111
    multiplicative_expression  ir ao estado 112
    additive_expression        ir ao estado 113
    shift_expression           ir ao estado 114
    relational_expression      ir ao estado 115
    equality_expression        ir ao estado 116
    and_expression             ir ao estado 117
    exclusive_or_expression    ir ao estado 118
    inclusive_or_expression    ir ao estado 119
    logical_and_expression     ir ao estado 120
    logical_or_expression      ir ao estado 121
    conditional_expression     ir ao estado 122
    assignment_expression      ir ao estado 123
    expression                 ir ao estado 124
    statement                  ir ao estado 347
    labeled_statement          ir ao estado 126
    compound_statement         ir ao estado 127
    expression_statement       ir ao estado 130
    selection_statement        ir ao estado 131
    iteration_statement        ir ao estado 132
    jump_statement             ir ao estado 133


Estado 344

  196 iteration_statement: DO statement WHILE '(' expression ')' • ';'

    ';'  deslocar, e ir ao estado 348


Estado 345

  197 iteration_statement: FOR '(' expression_statement expression_statement ')' statement •

    $padrão  reduzir usando a regra 197 (iteration_statement)


Estado 346

  198 iteration_statement: FOR '(' expression_statement expression_statement expression ')' • statement

    IDENTIFIER      deslocar, e ir ao estado 81
    CONSTANT        deslocar, e ir ao estado 82
    STRING_LITERAL  deslocar, e ir ao estado 83
    SIZEOF          deslocar, e ir ao estado 84
    INC_OP          deslocar, e ir ao estado 85
    DEC_OP          deslocar, e ir ao estado 86
    CASE            deslocar, e ir ao estado 87
    DEFAULT         deslocar, e ir ao estado 88
    IF              deslocar, e ir ao estado 89
    SWITCH          deslocar, e ir ao estado 90
    WHILE           deslocar, e ir ao estado 91
    DO              deslocar, e ir ao estado 92
    FOR             deslocar, e ir ao estado 93
    GOTO            deslocar, e ir ao estado 94
    CONTINUE        deslocar, e ir ao estado 95
    BREAK           deslocar, e ir ao estado 96
    RETURN          deslocar, e ir ao estado 97
    '('             deslocar, e ir ao estado 98
    '&'             deslocar, e ir ao estado 99
    '*'             deslocar, e ir ao estado 100
    '+'             deslocar, e ir ao estado 101
    '-'             deslocar, e ir ao estado 102
    '~'             deslocar, e ir ao estado 103
    '!'             deslocar, e ir ao estado 104
    ';'             deslocar, e ir ao estado 105
    '{'             deslocar, e ir ao estado 53

    primary_expression         ir ao estado 107
    postfix_expression         ir ao estado 108
    unary_expression           ir ao estado 109
    unary_operator             ir ao estado 110
    cast_expression            ir ao estado 111
    multiplicative_expression  ir ao estado 112
    additive_expression        ir ao estado 113
    shift_expression           ir ao estado 114
    relational_expression      ir ao estado 115
    equality_expression        ir ao estado 116
    and_expression             ir ao estado 117
    exclusive_or_expression    ir ao estado 118
    inclusive_or_expression    ir ao estado 119
    logical_and_expression     ir ao estado 120
    logical_or_expression      ir ao estado 121
    conditional_expression     ir ao estado 122
    assignment_expression      ir ao estado 123
    expression                 ir ao estado 124
    statement                  ir ao estado 349
    labeled_statement          ir ao estado 126
    compound_statement         ir ao estado 127
    expression_statement       ir ao estado 130
    selection_statement        ir ao estado 131
    iteration_statement        ir ao estado 132
    jump_statement             ir ao estado 133


Estado 347

  193 selection_statement: IF '(' expression ')' statement ELSE statement •

    $padrão  reduzir usando a regra 193 (selection_statement)


Estado 348

  196 iteration_statement: DO statement WHILE '(' expression ')' ';' •

    $padrão  reduzir usando a regra 196 (iteration_statement)


Estado 349

  198 iteration_statement: FOR '(' expression_statement expression_statement expression ')' statement •

    $padrão  reduzir usando a regra 198 (iteration_statement)
